INSERT INTO users (ID, NAME, PASSWORD, EMAIL, PHONE_NUMBER, USER_TYPE)
VALUES (1, 'John Doe', 'password123', 'john@example.com', 123456789012345, 'CU');
INSERT INTO users (ID, NAME, PASSWORD, EMAIL, PHONE_NUMBER, USER_TYPE)
VALUES (2, 'Jane Smith', 'securepass', 'jane@example.com', 987654321098765, 'AD');
INSERT INTO users (ID, NAME, PASSWORD, EMAIL, PHONE_NUMBER, USER_TYPE)
VALUES (3, 'Toyota', 'pass1234', 'toyota@example.com', 555555555555555, 'CO');
INSERT INTO users (ID, NAME, PASSWORD, EMAIL, PHONE_NUMBER, USER_TYPE)
VALUES (4, 'Alice Brown', 'password5678', 'alice@example.com', 999999999999999, 'AD');
INSERT INTO users (ID, NAME, PASSWORD, EMAIL, PHONE_NUMBER, USER_TYPE)
VALUES (5, 'Charlie Lee', 'abc12345', 'charlie@example.com', 111111111111111, 'CU');
INSERT INTO users (ID, NAME, PASSWORD, EMAIL, PHONE_NUMBER, USER_TYPE)
VALUES (6, 'Eva Williams', 'eva12345', 'eva@example.com', 777777777777777, 'CU');
INSERT INTO users (ID, NAME, PASSWORD, EMAIL, PHONE_NUMBER, USER_TYPE)
VALUES (7, 'RAHAT SIR', 'passwordsir', 'rahatsir@example.com', 0000000000555, 'AD');
INSERT INTO users (ID, NAME, PASSWORD, EMAIL, PHONE_NUMBER, USER_TYPE)
VALUES (8, 'Michael Davis', 'mike23456', 'michael@example.com', 666666666666666, 'CU');
INSERT INTO users (ID, NAME, PASSWORD, EMAIL, PHONE_NUMBER, USER_TYPE)
VALUES (10, 'Sophie Miller', 'sophie33789', 'sophie@example.com', 555235555555555, 'CU');
INSERT INTO users (ID, NAME, PASSWORD, EMAIL, PHONE_NUMBER, USER_TYPE)
VALUES (12, 'David Wilson', 'david56732', 'david@example.com', 444444444444444, 'CU');
INSERT INTO users (ID, NAME, PASSWORD, EMAIL, PHONE_NUMBER, USER_TYPE)
VALUES (14, 'Olivia Harris', 'olivia32221', 'olivia@example.com', 333333333333333, 'CU');
INSERT INTO users (ID, NAME, PASSWORD, EMAIL, PHONE_NUMBER, USER_TYPE)
VALUES (15, 'Volkswagen', 'co1232', 'volkswagen@example.com', 121111111111111, 'CO');
INSERT INTO users (ID, NAME, PASSWORD, EMAIL, PHONE_NUMBER, USER_TYPE)
VALUES (16, 'Ford', 'co456', 'ford@example.com', 222222222222222, 'CO');
INSERT INTO users (ID, NAME, PASSWORD, EMAIL, PHONE_NUMBER, USER_TYPE)
VALUES (17, 'Chevrolet', 'co789', 'chevrolet@example.com', 333133333333333, 'CO');
INSERT INTO users (ID, NAME, PASSWORD, EMAIL, PHONE_NUMBER, USER_TYPE)
VALUES (18, 'Honda', 'co25434', 'honda@example.com', 414444444444444, 'CO');
INSERT INTO users (ID, NAME, PASSWORD, EMAIL, PHONE_NUMBER, USER_TYPE)
VALUES (19, 'BMW', 'co56237', 'bmw@example.com', 515555555555555, 'CO');
INSERT INTO users (ID, NAME, PASSWORD, EMAIL, PHONE_NUMBER, USER_TYPE)
VALUES (20, 'adian', 'adianpass', 'janet@example.com', 98765431098765, 'AD');
INSERT INTO users (ID, NAME, PASSWORD, EMAIL, PHONE_NUMBER, USER_TYPE)
VALUES (21, 'abdullah', 'abdullahpass', 'janets@example.com', 187654321098765, 'AD');
INSERT INTO users (ID, NAME, PASSWORD, EMAIL, PHONE_NUMBER, USER_TYPE)
VALUES (22, 'Infiniti', 'infinitypass', 'infinity@example.com', 18965484855654, 'CO');
INSERT INTO users (ID, NAME, PASSWORD, EMAIL, PHONE_NUMBER, USER_TYPE)
VALUES (23, 'Lexus', 'lexuspass', 'lexus@example.com', 00001748982030, 'CO');
INSERT INTO users (ID, NAME, PASSWORD, EMAIL, PHONE_NUMBER, USER_TYPE)
VALUES (24, 'Nissan', 'nisaanpass', 'nissan@example.com', 0000554833256, 'CO');
INSERT INTO users (ID, NAME, PASSWORD, EMAIL, PHONE_NUMBER, USER_TYPE)
VALUES (25, 'Mercury', 'murcueypass', 'mercury@example.com', 00005556, 'CO');
INSERT INTO users (ID, NAME, PASSWORD, EMAIL, PHONE_NUMBER, USER_TYPE)
VALUES (26, 'Hummer', 'hummerpass', 'hummer@example.com', 0000554877256, 'CO');
INSERT INTO users (ID, NAME, PASSWORD, EMAIL, PHONE_NUMBER, USER_TYPE)
VALUES (27, 'Chrysler', 'chryslerpass', 'chrysler@example.com', 0000444877256, 'CO');
INSERT INTO users (ID, NAME, PASSWORD, EMAIL, PHONE_NUMBER, USER_TYPE)
VALUES (28, 'Volvo', 'volvopass', 'volvo@example.com', 0000334877256, 'CO');
INSERT INTO users (ID, NAME, PASSWORD, EMAIL, PHONE_NUMBER, USER_TYPE)
VALUES (29, 'Dodge', 'dodgepass', 'dodge@example.com', 0000114877256, 'CO');
INSERT INTO users (ID, NAME, PASSWORD, EMAIL, PHONE_NUMBER, USER_TYPE)
VALUES (30, 'Saab', 'saabpass', 'saab@example.com', 0000114971256, 'CO');
INSERT INTO users (ID, NAME, PASSWORD, EMAIL, PHONE_NUMBER, USER_TYPE)
VALUES (31, 'Mercedes-benz', 'mercedes-benzpass', 'mercedes-benz@example.com', 0000114878256, 'CO');
INSERT INTO users (ID, NAME, PASSWORD, EMAIL, PHONE_NUMBER, USER_TYPE)
VALUES (32, 'Pontiac', 'pontiacpass', 'pontiac@example.com', 0010884877256, 'CO');
INSERT INTO users (ID, NAME, PASSWORD, EMAIL, PHONE_NUMBER, USER_TYPE)
VALUES (33, 'Ferrari', 'ferraripass', 'ferrari@example.com', 0010884877266, 'CO');
INSERT INTO users (ID, NAME, PASSWORD, EMAIL, PHONE_NUMBER, USER_TYPE)
VALUES (34, 'Daewoo', 'daewoopass', 'daewoo@example.com', 0010884877276, 'CO');
INSERT INTO users (ID, NAME, PASSWORD, EMAIL, PHONE_NUMBER, USER_TYPE)
VALUES (35, 'GMC', 'gmcpass', 'gmc@example.com', 0010884877286, 'CO');
INSERT INTO users (ID, NAME, PASSWORD, EMAIL, PHONE_NUMBER, USER_TYPE)
VALUES (36, 'Cadillac', 'cadillacpass', 'cadillac@example.com', 0010884877296, 'CO');
INSERT INTO users (ID, NAME, PASSWORD, EMAIL, PHONE_NUMBER, USER_TYPE)
VALUES (37, 'Scion', 'scionpass', 'scion@example.com', 0010884877206, 'CO');
INSERT INTO users (ID, NAME, PASSWORD, EMAIL, PHONE_NUMBER, USER_TYPE)
VALUES (38, 'Saturn', 'saturnpass', 'saturn@example.com', 0010884877216, 'CO');
INSERT INTO users (ID, NAME, PASSWORD, EMAIL, PHONE_NUMBER, USER_TYPE)
VALUES (39, 'Subaru', 'subarupass', 'subaru@example.com', 0010884877226, 'CO');
INSERT INTO users (ID, NAME, PASSWORD, EMAIL, PHONE_NUMBER, USER_TYPE)
VALUES (40, 'Audi', 'audipass', 'audi@example.com', 0010884877236, 'CO');
INSERT INTO users (ID, NAME, PASSWORD, EMAIL, PHONE_NUMBER, USER_TYPE)
VALUES (41, 'Hyundai', 'hyundaipass', 'hyundai@example.com', 0010884877246, 'CO');
INSERT INTO users (ID, NAME, PASSWORD, EMAIL, PHONE_NUMBER, USER_TYPE)
VALUES (42, 'Oldsmobile', 'oldsmobilepass', 'oldsmobile@example.com', 0010884877356, 'CO');
INSERT INTO users (ID, NAME, PASSWORD, EMAIL, PHONE_NUMBER, USER_TYPE)
VALUES (43, 'Jeep', 'jeeppass', 'jeep@example.com', 0010884877456, 'CO');
INSERT INTO users (ID, NAME, PASSWORD, EMAIL, PHONE_NUMBER, USER_TYPE)
VALUES (44, 'Mazda', 'Mazdapass', 'Mazda@example.com', 0010884877656, 'CO');
INSERT INTO users (ID, NAME, PASSWORD, EMAIL, PHONE_NUMBER, USER_TYPE)
VALUES (45, 'Kia', 'kiapass', 'kia@example.com', 0010884877756, 'CO');
INSERT INTO users (ID, NAME, PASSWORD, EMAIL, PHONE_NUMBER, USER_TYPE)
VALUES (46, 'Maserati', 'maseratipass', 'maserati@example.com', 0010884877856, 'CO');
INSERT INTO users (ID, NAME, PASSWORD, EMAIL, PHONE_NUMBER, USER_TYPE)
VALUES (47, 'Suzuki', 'suzukipass', 'suzuki@example.com', 0010884877956, 'CO');
INSERT INTO users (ID, NAME, PASSWORD, EMAIL, PHONE_NUMBER, USER_TYPE)
VALUES (48, 'GEO', 'geopass', 'geo@example.com', 0010884877056, 'CO');
INSERT INTO users (ID, NAME, PASSWORD, EMAIL, PHONE_NUMBER, USER_TYPE)
VALUES (49, 'Land Rover', 'landroverpass', 'landrover@example.com', 0010884877156, 'CO');
INSERT INTO users (ID, NAME, PASSWORD, EMAIL, PHONE_NUMBER, USER_TYPE)
VALUES (50, 'Lotus', 'lotuspass', 'lotus@example.com', 0110884877156,'CO');
INSERT INTO users (ID, NAME, PASSWORD, EMAIL, PHONE_NUMBER, USER_TYPE)
VALUES (51, 'Isuzu', 'isuzupass', 'isuzu@example.com', 0210884877056, 'CO');
INSERT INTO users (ID, NAME, PASSWORD, EMAIL, PHONE_NUMBER, USER_TYPE)
VALUES (52, 'Lamborghini', 'lamborghinipass', 'lamborghini@example.com', 0310884877056, 'CO');
INSERT INTO users (ID, NAME, PASSWORD, EMAIL, PHONE_NUMBER, USER_TYPE)
VALUES (53, 'Jaguar', 'jaguarpass', 'jaguar@example.com', 0410884877056, 'CO');
INSERT INTO users (ID, NAME, PASSWORD, EMAIL, PHONE_NUMBER, USER_TYPE)
VALUES (54, 'Lincoln', 'lincolnpass', 'lincoln@example.com', 0510884877056, 'CO');
INSERT INTO users (ID, NAME, PASSWORD, EMAIL, PHONE_NUMBER, USER_TYPE)
VALUES (55, 'MINI', 'minipass', 'mini@example.com', 0610884877056, 'CO');
INSERT INTO users (ID, NAME, PASSWORD, EMAIL, PHONE_NUMBER, USER_TYPE)
VALUES (56, 'Bentley', 'bentleypass', 'bentley@example.com', 0710884877056, 'CO');
INSERT INTO users (ID, NAME, PASSWORD, EMAIL, PHONE_NUMBER, USER_TYPE)
VALUES (57, 'Fairthrope', 'fairthropepass', 'fairthrope@example.com', 0810884877056, 'CO');
INSERT INTO users (ID, NAME, PASSWORD, EMAIL, PHONE_NUMBER, USER_TYPE)
VALUES (58, 'Porsche', 'porschepass', 'porsche@example.com', 0910884877056, 'CO');
INSERT INTO users (ID, NAME, PASSWORD, EMAIL, PHONE_NUMBER, USER_TYPE)
VALUES (59, 'Aston Martin', 'astonmartinpass', 'astonmartin@example.com', 0020884877056, 'CO');
INSERT INTO users (ID, NAME, PASSWORD, EMAIL, PHONE_NUMBER, USER_TYPE)
VALUES (60, 'Spyker', 'spykerpass', 'spyker@example.com', 0030884877056, 'CO');
INSERT INTO users (ID, NAME, PASSWORD, EMAIL, PHONE_NUMBER, USER_TYPE)
VALUES (61, 'Buick', 'buickpass', 'buick@example.com', 0040884877056, 'CO');
INSERT INTO users (ID, NAME, PASSWORD, EMAIL, PHONE_NUMBER, USER_TYPE)
VALUES (62, 'Aptera', 'apterapass', 'aptera@example.com', 0050884877056, 'CO');
INSERT INTO users (ID, NAME, PASSWORD, EMAIL, PHONE_NUMBER, USER_TYPE)
VALUES (63, 'Peugeot', 'peugeotpass', 'peugeot@example.com', 0060884877056, 'CO');
INSERT INTO users (ID, NAME, PASSWORD, EMAIL, PHONE_NUMBER, USER_TYPE)
VALUES (64, 'Rolls-Royce', 'rollsroycepass', 'rollsroyce@example.com', 0070884877056, 'CO');
INSERT INTO users (ID, NAME, PASSWORD, EMAIL, PHONE_NUMBER, USER_TYPE)
VALUES (65, 'Plymouth', 'plymouthpass', 'plymouth@example.com', 0080884877056, 'CO');
INSERT INTO users (ID, NAME, PASSWORD, EMAIL, PHONE_NUMBER, USER_TYPE)
VALUES (66, 'Eagle', 'eaglepass', 'eagle@example.com', 0090884877056, 'CO');
INSERT INTO users (ID, NAME, PASSWORD, EMAIL, PHONE_NUMBER, USER_TYPE)
VALUES (67, 'Ram', 'rampass', 'ram@example.com', 0111884877056, 'CO');
INSERT INTO users (ID, NAME, PASSWORD, EMAIL, PHONE_NUMBER, USER_TYPE)
VALUES (68, 'Maybach', 'maybachpass', 'maybach@example.com', 0112884877056, 'CO');
INSERT INTO users (ID, NAME, PASSWORD, EMAIL, PHONE_NUMBER, USER_TYPE)
VALUES (69, 'Studebaker', 'studebakerpass', 'studebaker@example.com', 0113884877056, 'CO');
INSERT INTO users (ID, NAME, PASSWORD, EMAIL, PHONE_NUMBER, USER_TYPE)
VALUES (70, 'Citroen', 'citroenpass', 'citroen@example.com', 0114884877056, 'CO');
INSERT INTO users (ID, NAME, PASSWORD, EMAIL, PHONE_NUMBER, USER_TYPE)
VALUES (71, 'Mitsubishi', 'mitsubishipass', 'mitsubishi@example.com', 0115884877056, 'CO');



--insert into admin
INSERT INTO admin (ID) VALUES (2);
INSERT INTO admin (ID) VALUES (4);
INSERT INTO admin (ID) VALUES (20);
INSERT INTO admin (ID) VALUES (21);
INSERT INTO admin (ID) VALUES (7);




--insert into company
INSERT INTO company (ID, COMPANY_URL, RATING) VALUES (3, 'https://www.toyota.com', 4.5);
INSERT INTO company (ID, COMPANY_URL, RATING) VALUES (15, 'https://www.vw.com/en.html', 4.0);
INSERT INTO company (ID, COMPANY_URL, RATING) VALUES (16, 'https://www.ford.com', 3.9);
INSERT INTO company (ID, COMPANY_URL, RATING) VALUES (17, 'https://www.chevrolet.com/', 4.2);
INSERT INTO company (ID, COMPANY_URL, RATING) VALUES (18, 'https://www.honda.com', 3.8);
INSERT INTO company (ID, COMPANY_URL, RATING) VALUES (19, 'https://www.bmw.com/en/index.html', 4);
INSERT INTO company (ID, COMPANY_URL, RATING) VALUES (22, 'https://www.infinitiusa.com/', 4.1);
INSERT INTO company (ID, COMPANY_URL, RATING) VALUES (23, 'https://www.lexus.com/', 3.9);
INSERT INTO company (ID, COMPANY_URL, RATING) VALUES (24, 'https://www.nissanusa.com/', 3.9);
INSERT INTO company (ID, COMPANY_URL, RATING) VALUES (25, 'https://mercurycars.co.uk/', 3.9);
INSERT INTO company (ID, COMPANY_URL, RATING) VALUES (26, 'https://en.wikipedia.org/wiki/Hummer', 3.9);
INSERT INTO company (ID, COMPANY_URL, RATING) VALUES (27, 'https://www.chrysler.com/', 3.9);
INSERT INTO company (ID, COMPANY_URL, RATING) VALUES (28, 'https://www.volvocars.com/', 3.9);
INSERT INTO company (ID, COMPANY_URL, RATING) VALUES (29, 'https://www.dodge.com/', 3.9);
INSERT INTO company (ID, COMPANY_URL, RATING) VALUES (30, 'https://www.saab.com/', 3.9);
INSERT INTO company (ID, COMPANY_URL, RATING) VALUES (31, 'https://www.mbusa.com/en/home', 3.9);
INSERT INTO company (ID, COMPANY_URL, RATING) VALUES (32, 'https://www.pontiacv8.com/', 3.9);
INSERT INTO company (ID, COMPANY_URL, RATING) VALUES (33, 'https://www.ferrari.com/en-EN', 3.9);
INSERT INTO company (ID, COMPANY_URL, RATING) VALUES (34, 'https://www.daewoomotor.com/', 3.9);
INSERT INTO company (ID, COMPANY_URL, RATING) VALUES (35, 'https://www.gmc.com/', 3.9);
INSERT INTO company (ID, COMPANY_URL, RATING) VALUES (36, 'https://www.cadillac.com/', 3.9);
INSERT INTO company (ID, COMPANY_URL, RATING) VALUES (37, 'https://www.toyota.ca/toyota/en/scion-owners', 3.9);
INSERT INTO company (ID, COMPANY_URL, RATING) VALUES (38, 'https://www.saturnfans.com/cars?page=67&s=f04f0f819b843fb6ddc7992811fcf040', 3.9);
INSERT INTO company (ID, COMPANY_URL, RATING) VALUES (39, 'https://www.subaru.com/index.html', 3.9);
INSERT INTO company (ID, COMPANY_URL, RATING) VALUES (40, 'https://www.audi.com/', 3.9);
INSERT INTO company (ID, COMPANY_URL, RATING) VALUES (41, 'https://www.hyundai.com/worldwide/en', 3.9);
INSERT INTO company (ID, COMPANY_URL, RATING) VALUES (42, 'https://www.oldsmobileclub.org/', 3.9);
INSERT INTO company (ID, COMPANY_URL, RATING) VALUES (43, 'https://www.jeep.com/', 3.9);
INSERT INTO company (ID, COMPANY_URL, RATING) VALUES (44, 'https://www.mazda.com/', 3.9);
INSERT INTO company (ID, COMPANY_URL, RATING) VALUES (45, 'https://www.kia.com/us/en', 3.9);
INSERT INTO company (ID, COMPANY_URL, RATING) VALUES (46, 'https://www.maserati.com/global/en', 3.9);
INSERT INTO company (ID, COMPANY_URL, RATING) VALUES (47, 'https://www.globalsuzuki.com/', 3.9);
INSERT INTO company (ID, COMPANY_URL, RATING) VALUES (48, 'https://en.wikipedia.org/wiki/Geo_(automobile)', 3.9);
INSERT INTO company (ID, COMPANY_URL, RATING) VALUES (49, 'https://www.landrover.com/index.html', 3.9);
INSERT INTO company (ID, COMPANY_URL, RATING) VALUES (50, 'https://www.lotuscars.com/', 3.9);
INSERT INTO company (ID, COMPANY_URL, RATING) VALUES (51, 'https://www.isuzu.co.jp/world/', 3.9);
INSERT INTO company (ID, COMPANY_URL, RATING) VALUES (52, 'https://www.lamborghini.com/en-en', 3.9);
INSERT INTO company (ID, COMPANY_URL, RATING) VALUES (53, 'https://www.jaguar.com/index.html', 3.9);
INSERT INTO company (ID, COMPANY_URL, RATING) VALUES (54, 'https://www.lincoln.com/', 3.9);
INSERT INTO company (ID, COMPANY_URL, RATING) VALUES (55, 'https://www.miniusa.com/', 3.9);
INSERT INTO company (ID, COMPANY_URL, RATING) VALUES (56, 'https://www.bentleymotors.com/en.html', 3.9);
INSERT INTO company (ID, COMPANY_URL, RATING) VALUES (57, 'https://en.wikipedia.org/wiki/Fairthorpe_Cars', 3.9);
INSERT INTO company (ID, COMPANY_URL, RATING) VALUES (58, 'https://www.porsche.com/usa/', 3.9);
INSERT INTO company (ID, COMPANY_URL, RATING) VALUES (59, 'https://www.astonmartin.com/en/', 3.9);
INSERT INTO company (ID, COMPANY_URL, RATING) VALUES (60, 'https://spykercars.com/', 3.9);
INSERT INTO company (ID, COMPANY_URL, RATING) VALUES (61, 'https://www.buick.com/', 3.9);
INSERT INTO company (ID, COMPANY_URL, RATING) VALUES (62, 'https://aptera.us/', 3.9);
INSERT INTO company (ID, COMPANY_URL, RATING) VALUES (63, 'https://me.peugeot.com/', 3.9);
INSERT INTO company (ID, COMPANY_URL, RATING) VALUES (64, 'https://www.rolls-roycemotorcars.com/en_GB/home.html', 3.9);
INSERT INTO company (ID, COMPANY_URL, RATING) VALUES (65, 'https://en.wikipedia.org/wiki/Plymouth_(automobile)', 3.9);
INSERT INTO company (ID, COMPANY_URL, RATING) VALUES (66, 'https://en.wikipedia.org/wiki/Eagle_(automobile)', 3.9);
INSERT INTO company (ID, COMPANY_URL, RATING) VALUES (67, 'https://www.ramtrucks.com/', 3.9);
INSERT INTO company (ID, COMPANY_URL, RATING) VALUES (68, 'https://www.mbusa.com/en/maybach', 3.9);
INSERT INTO company (ID, COMPANY_URL, RATING) VALUES (69, 'https://en.wikipedia.org/wiki/Studebaker', 3.9);
INSERT INTO company (ID, COMPANY_URL, RATING) VALUES (70, 'https://en.wikipedia.org/wiki/Citro%C3%ABn', 3.9);
INSERT INTO company (ID, COMPANY_URL, RATING) VALUES (71, 'https://www.mitsubishicars.com/', 3.9);


--insert into customers
INSERT INTO customer (ID, ACCOUNT_CREATED_ON)	VALUES (1, SYSDATE);
INSERT INTO customer (ID, ACCOUNT_CREATED_ON)	VALUES (5, SYSDATE);
INSERT INTO customer (ID, ACCOUNT_CREATED_ON)	VALUES (6, SYSDATE);
INSERT INTO customer (ID, ACCOUNT_CREATED_ON)	VALUES (8, SYSDATE);
INSERT INTO customer (ID, ACCOUNT_CREATED_ON)	VALUES (10, SYSDATE);
INSERT INTO customer (ID, ACCOUNT_CREATED_ON)	VALUES (12, SYSDATE);
INSERT INTO customer (ID, ACCOUNT_CREATED_ON)	VALUES (14, SYSDATE);


INSERT INTO CARTYPE(TYPE_ID,TYPE_NAME,CAR_TYPE_URL) VALUES('MMPV','MINI MPV','https://en.wikipedia.org/wiki/Mini_MPV');
INSERT INTO CARTYPE(TYPE_ID,TYPE_NAME,CAR_TYPE_URL) VALUES('CMPV','COMPACT MPV','https://en.wikipedia.org/wiki/Compact_MPV');
INSERT INTO CARTYPE(TYPE_ID,TYPE_NAME,CAR_TYPE_URL) VALUES('SUV','SPORTS UTILITY VEHICLE','https://en.wikipedia.org/wiki/SUV');
INSERT INTO CARTYPE(TYPE_ID,TYPE_NAME,CAR_TYPE_URL) VALUES('SW','STATION WAGON','https://en.wikipedia.org/wiki/Station_wagon');
INSERT INTO CARTYPE(TYPE_ID,TYPE_NAME,CAR_TYPE_URL) VALUES('SPORT','SPORTS CAR','https://en.wikipedia.org/wiki/Sports_car');
INSERT INTO CARTYPE(TYPE_ID,TYPE_NAME,CAR_TYPE_URL) VALUES('SEDAN','SEDAN','https://en.wikipedia.org/wiki/Sedan_(automobile)');
INSERT INTO CARTYPE(TYPE_ID,TYPE_NAME,CAR_TYPE_URL) VALUES('VAN','VAN','https://en.wikipedia.org/wiki/Van');
INSERT INTO CARTYPE(TYPE_ID,TYPE_NAME,CAR_TYPE_URL) VALUES('EV','ELECTRIC VEHICLE','https://en.wikipedia.org/wiki/Electric_vehicle');
INSERT INTO CARTYPE(TYPE_ID,TYPE_NAME,CAR_TYPE_URL) VALUES('LU','LUXURY CAR','https://en.wikipedia.org/wiki/Luxury_car');
INSERT INTO CARTYPE(TYPE_ID,TYPE_NAME,CAR_TYPE_URL) VALUES('SUPER','SUPER CAR','https://en.wikipedia.org/wiki/Supercar');
INSERT INTO CARTYPE(TYPE_ID,TYPE_NAME,CAR_TYPE_URL) VALUES('HB','HATCHBACK','https://en.wikipedia.org/wiki/Hatchback');
INSERT INTO CARTYPE(TYPE_ID,TYPE_NAME,CAR_TYPE_URL) VALUES('CABRI','CABRIOLET','https://en.wikipedia.org/wiki/Cabriolet_(carriage)');
INSERT INTO CARTYPE(TYPE_ID,TYPE_NAME,CAR_TYPE_URL) VALUES('TRUCK','TRUCK','https://en.wikipedia.org/wiki/Pickup_truck');
--car insert
INSERT INTO CARS (MODEL_COLOR_ID, MODEL_NAME, SEAT_CAP, ENGINE_CAP, COLOR, PRICE, LAUNCH_DATE, STOCK, WARRANTY, COMPANY_ID, CAR_IMAGE_URL, TYPE_ID) VALUES(1004,'Corolla Cross',5,1798,'WHITE',5900000,TO_DATE('2023-03-22', 'YYYY-MM-DD'),1,1,3,'https://www.toyota.com/imgix/content/dam/toyota/jellies/max/2024/corollacross/l/6302/089/1.png?bg=fff&fm=webp&q=90&w=1764','SUV');
INSERT INTO CARS (MODEL_COLOR_ID, MODEL_NAME, SEAT_CAP, ENGINE_CAP, COLOR, PRICE, LAUNCH_DATE, STOCK, WARRANTY, COMPANY_ID, CAR_IMAGE_URL, TYPE_ID) VALUES(1005,'Corolla Cross Hybrid',5,1798,'WHITE',4500000,TO_DATE('2023-03-22', 'YYYY-MM-DD'),4,1,3,'https://www.toyota.com/imgix/content/dam/toyota/jellies/max/2024/corollacrosshybrid/hybridxse/6316/1k3/36/4.png?fm=webp&w=930&q=90','SUV');
INSERT INTO CARS (MODEL_COLOR_ID, MODEL_NAME, SEAT_CAP, ENGINE_CAP, COLOR, PRICE, LAUNCH_DATE, STOCK, WARRANTY, COMPANY_ID, CAR_IMAGE_URL, TYPE_ID) VALUES(1006,'Ford Mustang ',4,2253,'WHITE',5015090,TO_DATE('2024-01-01', 'YYYY-MM-DD'),1,1.5,16,'https://upload.wikimedia.org/wikipedia/commons/thumb/0/0d/2016_Ford_Mustang_Shelby_GT350.JPG/220px-2016_Ford_Mustang_Shelby_GT350.JPG','SPORT');

insert into CARS (MODEL_COLOR_ID, MODEL_NAME, SEAT_CAP, ENGINE_CAP, COLOR, PRICE, LAUNCH_DATE, STOCK, WARRANTY, COMPANY_ID, CAR_IMAGE_URL, TYPE_ID) values (1, 'QX Sports Inspiration', 9, 6541.52, 'Ash', 811634274.19,TO_DATE('2019-12-15', 'YYYY-MM-DD'), 1, 1, 22, 'https://s.car.info/image_files/960/infiniti-qx-sport-inspiration-front-side-0-351946.jpg', 'SUV');
insert into CARS (MODEL_COLOR_ID, MODEL_NAME, SEAT_CAP, ENGINE_CAP, COLOR, PRICE, LAUNCH_DATE, STOCK, WARRANTY, COMPANY_ID, CAR_IMAGE_URL, TYPE_ID) values (2, 'Lexus CT', 6, 5833.77, 'Blue', 266016713.14, TO_DATE('1991-12-07', 'YYYY-MM-DD'), 11, 4, 23, 'https://s.car.info/image_files/960/lexus-ct-side-0-465262.jpg', 'HB');
insert into CARS (MODEL_COLOR_ID, MODEL_NAME, SEAT_CAP, ENGINE_CAP, COLOR, PRICE, LAUNCH_DATE, STOCK, WARRANTY, COMPANY_ID, CAR_IMAGE_URL, TYPE_ID) values (3, 'Datsun/Nissan Z-car', 7, 1918.92, 'Red', 281530724.06, TO_DATE('1983-07-10', 'YYYY-MM-DD'), 1, 4, 24, 'https://s.car.info/image_files/960/toyota-prius-front-side-1-1349110.jpg', 'SPORT');
insert into CARS (MODEL_COLOR_ID, MODEL_NAME, SEAT_CAP, ENGINE_CAP, COLOR, PRICE, LAUNCH_DATE, STOCK, WARRANTY, COMPANY_ID, CAR_IMAGE_URL, TYPE_ID) values (4, 'Mystique', 2, 2871.78, 'Black', 314258224.08, TO_DATE('2000-02-19', 'YYYY-MM-DD'), 8, 3, 25, 'https://s.car.info/image_files/960/0-945069.jpg', 'SEDAN');
insert into CARS (MODEL_COLOR_ID, MODEL_NAME, SEAT_CAP, ENGINE_CAP, COLOR, PRICE, LAUNCH_DATE, STOCK, WARRANTY, COMPANY_ID, CAR_IMAGE_URL, TYPE_ID) values (5, 'Hummer H2', 5, 1622.95, 'Silver', 514974995.05, TO_DATE('2007-07-15', 'YYYY-MM-DD'), 14, 2, 26, 'https://www.motortrend.com/uploads/sites/10/2015/11/2009-hummer-h2-base-suv-angular-front.png?fit=around%7C875:492', 'SUV');
insert into CARS (MODEL_COLOR_ID, MODEL_NAME, SEAT_CAP, ENGINE_CAP, COLOR, PRICE, LAUNCH_DATE, STOCK, WARRANTY, COMPANY_ID, CAR_IMAGE_URL, TYPE_ID) values (6, 'Aspen', 3, 4844.19, 'Ash', 394137874.97, TO_DATE('1978-02-09', 'YYYY-MM-DD'), 12, 4, 27, 'https://s.car.info/image_files/960/dodge-aspen-coupe-front-side-0-468382.jpg', 'SUV');
insert into CARS (MODEL_COLOR_ID, MODEL_NAME, SEAT_CAP, ENGINE_CAP, COLOR, PRICE, LAUNCH_DATE, STOCK, WARRANTY, COMPANY_ID, CAR_IMAGE_URL, TYPE_ID) values (7, 'Volvo V40', 10, 1521.14, 'Blue', 142536959.61, TO_DATE('1960-04-15', 'YYYY-MM-DD'), 11, 1, 28, 'https://s.car.info/image_files/960/volvo-v40-side-0-203656.jpg', 'HB');
insert into CARS (MODEL_COLOR_ID, MODEL_NAME, SEAT_CAP, ENGINE_CAP, COLOR, PRICE, LAUNCH_DATE, STOCK, WARRANTY, COMPANY_ID, CAR_IMAGE_URL, TYPE_ID) values (8, 'Dodge Ramcharger', 6, 4763.17, 'Red', 823626494.85, TO_DATE('1993-07-01', 'YYYY-MM-DD'), 5, 2, 29, 'https://www.motortrend.com/uploads/sites/3/2021/01/01-roy-ramcharger.jpg?w=528', 'EV');
insert into CARS (MODEL_COLOR_ID, MODEL_NAME, SEAT_CAP, ENGINE_CAP, COLOR, PRICE, LAUNCH_DATE, STOCK, WARRANTY, COMPANY_ID, CAR_IMAGE_URL, TYPE_ID) values (9, 'Saab 900 Convertible', 4, 5137.34, 'Red', 382051458.37,TO_DATE('1989-02-15', 'YYYY-MM-DD'), 8, 2, 30, 'https://media.gettyimages.com/id/1181834893/photo/1989-saab-900-turbo-convertible-creator-unknown.jpg?s=612x612&w=0&k=20&c=KXZZbq0iZ3QwzUm4rQUt3S-lsiIQBeI4KiaocCHUfg0=', 'CABRI');
insert into CARS (MODEL_COLOR_ID, MODEL_NAME, SEAT_CAP, ENGINE_CAP, COLOR, PRICE, LAUNCH_DATE, STOCK, WARRANTY, COMPANY_ID, CAR_IMAGE_URL, TYPE_ID) values (10, 'Lumina', 3, 6451.8, 'Ash', 564514230.72, TO_DATE('1952-02-06', 'YYYY-MM-DD'), 1, 1, 17, 'https://s.car.info/image_files/960/0-842476.jpg', 'SEDAN');
insert into CARS (MODEL_COLOR_ID, MODEL_NAME, SEAT_CAP, ENGINE_CAP, COLOR, PRICE, LAUNCH_DATE, STOCK, WARRANTY, COMPANY_ID, CAR_IMAGE_URL, TYPE_ID) values (11, 'SLK-Class', 4, 5199.94, 'White', 888956380.73, TO_DATE('1956-12-08', 'YYYY-MM-DD'), 10, 3, 31, 'https://s.car.info/image_files/960/mercedes-benz-slk-class-roadster-front-side-0-196774.jpg', 'CABRI');
insert into CARS (MODEL_COLOR_ID, MODEL_NAME, SEAT_CAP, ENGINE_CAP, COLOR, PRICE, LAUNCH_DATE, STOCK, WARRANTY, COMPANY_ID, CAR_IMAGE_URL, TYPE_ID) values (12, 'Contour', 6, 5524.58, 'Green', 91930351.87,TO_DATE( '2003-04-04', 'YYYY-MM-DD'), 5, 1, 16, 'https://s.car.info/image_files/960/0-945029.jpg', 'SEDAN');
insert into CARS (MODEL_COLOR_ID, MODEL_NAME, SEAT_CAP, ENGINE_CAP, COLOR, PRICE, LAUNCH_DATE, STOCK, WARRANTY, COMPANY_ID, CAR_IMAGE_URL, TYPE_ID) values (13, 'Firebird', 4, 5760.06, 'Red', 265439656.88, TO_DATE('2002-02-01', 'YYYY-MM-DD'), 11, 3, 32, 'https://upload.wikimedia.org/wikipedia/commons/thumb/9/91/89_Firebird_Formula_WS6.png/800px-89_Firebird_Formula_WS6.png', 'CABRI');
insert into CARS (MODEL_COLOR_ID, MODEL_NAME, SEAT_CAP, ENGINE_CAP, COLOR, PRICE, LAUNCH_DATE, STOCK, WARRANTY, COMPANY_ID, CAR_IMAGE_URL, TYPE_ID) values (14, '599 GTB', 2, 1437.7, 'Red', 392608225.49, TO_DATE('1999-03-11', 'YYYY-MM-DD'), 15, 2, 33, 'https://s.car.info/image_files/960/ferrari-599-gtb-front-side-0-189555.jpg', 'SUPER');
insert into CARS (MODEL_COLOR_ID, MODEL_NAME, SEAT_CAP, ENGINE_CAP, COLOR, PRICE, LAUNCH_DATE, STOCK, WARRANTY, COMPANY_ID, CAR_IMAGE_URL, TYPE_ID) values (15, 'F-Series', 3, 796.04, 'Black', 553050379.13, TO_DATE('1989-02-20', 'YYYY-MM-DD'), 3, 2, 42, 'https://upload.wikimedia.org/wikipedia/commons/7/79/Oldsmobile_F_%2822022010111%29.jpg', 'SEDAN');
insert into CARS (MODEL_COLOR_ID, MODEL_NAME, SEAT_CAP, ENGINE_CAP, COLOR, PRICE, LAUNCH_DATE, STOCK, WARRANTY, COMPANY_ID, CAR_IMAGE_URL, TYPE_ID) values (16, 'Dodge Sprinter', 9, 3129.63, 'White', 45368407.23, TO_DATE('2015-12-19', 'YYYY-MM-DD'), 14, 4, 29, 'https://edgecast-img.yahoo.net/mysterio/api/E935A8F683587A9C281FF1CC9BF0476E613BBF2983DC6850722273FF98AD56CF/autoblog/resizefill_w1200_h675;quality_80;format_webp;cc_31536000;/https://s.aolcdn.com/commerce/autodata/images/CAB90DOV312A0101.jpg', 'VAN');
insert into CARS (MODEL_COLOR_ID, MODEL_NAME, SEAT_CAP, ENGINE_CAP, COLOR, PRICE, LAUNCH_DATE, STOCK, WARRANTY, COMPANY_ID, CAR_IMAGE_URL, TYPE_ID) values (17, 'Leganza', 8, 3344.13, 'Silver', 539126923.91, TO_DATE('1992-02-05', 'YYYY-MM-DD'), 7, 1, 34, 'https://upload.wikimedia.org/wikipedia/commons/thumb/6/6b/2002_%2852%29_Daewoo_Leganza_CDX_Automatic_-_1998cc_2.0_%28135PS%29_Petrol_-_Poly_Silver_Metallic_-_21-01-2024%2C_Front_Right.jpg/800px-2002_%2852%29_Daewoo_Leganza_CDX_Automatic_-_1998cc_2.0_%28135PS%29_Petrol_-_Poly_Silver_Metallic_-_21-01-2024%2C_Front_Right.jpg', 'SEDAN');
insert into CARS (MODEL_COLOR_ID, MODEL_NAME, SEAT_CAP, ENGINE_CAP, COLOR, PRICE, LAUNCH_DATE, STOCK, WARRANTY, COMPANY_ID, CAR_IMAGE_URL, TYPE_ID) values (18, 'Terrain', 2, 7684.21, 'Black', 663238464.22, TO_DATE('2009-04-16', 'YYYY-MM-DD'), 11, 2, 35, 'https://s.car.info/image_files/960/0-994256.jpg','SUV');
insert into CARS (MODEL_COLOR_ID, MODEL_NAME, SEAT_CAP, ENGINE_CAP, COLOR, PRICE, LAUNCH_DATE, STOCK, WARRANTY, COMPANY_ID, CAR_IMAGE_URL, TYPE_ID) values (19, 'Eldorado', 8, 2618.98, 'Red', 238161703.24,TO_DATE('1969-10-04', 'YYYY-MM-DD') , 0, 2, 36, 'https://www.motortrend.com/uploads/sites/21/2016/05/1959-cadillac-eldorado-front-three-quarter-top-view.jpg?fit=around%7C875:492', 'CABRI');
insert into CARS (MODEL_COLOR_ID, MODEL_NAME, SEAT_CAP, ENGINE_CAP, COLOR, PRICE, LAUNCH_DATE, STOCK, WARRANTY, COMPANY_ID, CAR_IMAGE_URL, TYPE_ID) values (20, 'Escort ZX2', 8, 6971.33, 'Red', 303455426.54,TO_DATE( '1964-12-30', 'YYYY-MM-DD'), 12, 2, 16, 'https://www.motortrend.com/uploads/sites/5/1999/07/9907_MTRP_01_I_WRAP-C.jpg?fit=around%7C875:492', 'SEDAN');
insert into CARS (MODEL_COLOR_ID, MODEL_NAME, SEAT_CAP, ENGINE_CAP, COLOR, PRICE, LAUNCH_DATE, STOCK, WARRANTY, COMPANY_ID, CAR_IMAGE_URL, TYPE_ID) values (21, 'Scion xB', 5, 4477.2, 'Silver', 790364377.18,TO_DATE('1985-04-13', 'YYYY-MM-DD') , 14, 3, 37, 'https://www.motortrend.com/uploads/sites/10/2015/11/2010-scion-xb-5-door-wagon-4-speed-at-angular-front.png?fit=around%7C875:492', 'SW');
insert into CARS (MODEL_COLOR_ID, MODEL_NAME, SEAT_CAP, ENGINE_CAP, COLOR, PRICE, LAUNCH_DATE, STOCK, WARRANTY, COMPANY_ID, CAR_IMAGE_URL, TYPE_ID) values (22, 'Saturn Outlook', 5, 2268.65, 'Silver', 227283510.12,TO_DATE('1977-11-17', 'YYYY-MM-DD') , 2, 5, 38, 'https://www.motortrend.com/uploads/sites/5/2008/09/112_0809_02z-2009_saturn_outlook-front_three_quarters_view.jpg?w=614', 'SUV');
insert into CARS (MODEL_COLOR_ID, MODEL_NAME, SEAT_CAP, ENGINE_CAP, COLOR, PRICE, LAUNCH_DATE, STOCK, WARRANTY, COMPANY_ID, CAR_IMAGE_URL, TYPE_ID) values (23, 'Subaru Forester XT', 3, 518.68, 'Blue', 864824723.6, TO_DATE('1976-12-12', 'YYYY-MM-DD'), 11, 1, 39, 'https://www.motortrend.com/uploads/sites/5/2008/04/112_0806_02l-2009_subaru_forester-side_view.jpg?w=614', 'SUV');
insert into CARS (MODEL_COLOR_ID, MODEL_NAME, SEAT_CAP, ENGINE_CAP, COLOR, PRICE, LAUNCH_DATE, STOCK, WARRANTY, COMPANY_ID, CAR_IMAGE_URL, TYPE_ID) values (24, 'Chrysler Town & Country', 4, 1804.76, 'Purple', 968871662.97,TO_DATE('2006-08-22', 'YYYY-MM-DD') , 12, 2, 27, 'https://upload.wikimedia.org/wikipedia/commons/thumb/0/06/1972_Chrysler_Town_%26_Country.jpg/420px-1972_Chrysler_Town_%26_Country.jpg', 'SW');
insert into CARS (MODEL_COLOR_ID, MODEL_NAME, SEAT_CAP, ENGINE_CAP, COLOR, PRICE, LAUNCH_DATE, STOCK, WARRANTY, COMPANY_ID, CAR_IMAGE_URL, TYPE_ID) values (25, 'Audi A6', 4, 1585.02, 'Black', 436460085.58,TO_DATE('2021-11-08', 'YYYY-MM-DD') , 11, 4, 40, 'https://www.motortrend.com/uploads/2022/07/2023-Audi-A6-3-0T-Quattro-front.jpg?w=614', 'SEDAN');
insert into CARS (MODEL_COLOR_ID, MODEL_NAME, SEAT_CAP, ENGINE_CAP, COLOR, PRICE, LAUNCH_DATE, STOCK, WARRANTY, COMPANY_ID, CAR_IMAGE_URL, TYPE_ID) values (26, 'Veracruz', 5, 7883.04, 'Black', 514636138.72,TO_DATE('2007-04-22', 'YYYY-MM-DD') , 2, 1, 41, 'https://www.motortrend.com/uploads/sites/5/2007/04/112_0706_01z-2007_hyundai_veracruz-front_three_quarter_view.jpg?w=614', 'SUV');
insert into CARS (MODEL_COLOR_ID, MODEL_NAME, SEAT_CAP, ENGINE_CAP, COLOR, PRICE, LAUNCH_DATE, STOCK, WARRANTY, COMPANY_ID, CAR_IMAGE_URL, TYPE_ID) values (27, 'Corvette', 2, 7230.96, 'Blue', 661562214.06,TO_DATE('2022-12-29', 'YYYY-MM-DD') , 15, 3, 17, 'https://www.motortrend.com/uploads/2023/10/2024-chevrolet-corvette-stingray-side-view-200.jpg?w=614', 'CABRI');
insert into CARS (MODEL_COLOR_ID, MODEL_NAME, SEAT_CAP, ENGINE_CAP, COLOR, PRICE, LAUNCH_DATE, STOCK, WARRANTY, COMPANY_ID, CAR_IMAGE_URL, TYPE_ID) values (28, 'CLS-Class', 4, 1694.99, 'Black', 42603258.09,TO_DATE('1972-12-23', 'YYYY-MM-DD') , 5, 5, 31, 'https://www.motortrend.com/uploads/sites/10/2022/05/2022-mercedes-benz-cls-coupe-4wd-sedan-angular-front.png?w=614', 'SEDAN');
insert into CARS (MODEL_COLOR_ID, MODEL_NAME, SEAT_CAP, ENGINE_CAP, COLOR, PRICE, LAUNCH_DATE, STOCK, WARRANTY, COMPANY_ID, CAR_IMAGE_URL, TYPE_ID) values (29, 'Bonneville', 6, 3162.33, 'Silver', 752410253.69,TO_DATE('2000-07-18', 'YYYY-MM-DD') , 0, 4, 32, 'https://www.motortrend.com/uploads/sites/5/1999/05/9905_MTRP_01_I_DET-C.jpg?w=614', 'SW');
insert into CARS (MODEL_COLOR_ID, MODEL_NAME, SEAT_CAP, ENGINE_CAP, COLOR, PRICE, LAUNCH_DATE, STOCK, WARRANTY, COMPANY_ID, CAR_IMAGE_URL, TYPE_ID) values (30, 'Vibe GT-R', 6, 3318.1, 'Red', 194207107.27,TO_DATE('1978-06-17', 'YYYY-MM-DD') , 12, 1, 32, 'https://www.motortrend.com/uploads/sites/21/2001/10/a47353-thumb-2003-pontiac-vibe-gt-r-suv-front-left.jpg?w=614', 'HB');
insert into CARS (MODEL_COLOR_ID, MODEL_NAME, SEAT_CAP, ENGINE_CAP, COLOR, PRICE, LAUNCH_DATE, STOCK, WARRANTY, COMPANY_ID, CAR_IMAGE_URL, TYPE_ID) values (31, 'Imperial', 2, 7812.66, 'Red', 926343626.11,TO_DATE('2002-01-11', 'YYYY-MM-DD') , 12, 1, 27, 'https://www.motortrend.com/uploads/sites/21/2006/07/0607cr-01-o-1957-chrysler-imperial-custom-front.jpg?w=614', 'SW');
insert into CARS (MODEL_COLOR_ID, MODEL_NAME, SEAT_CAP, ENGINE_CAP, COLOR, PRICE, LAUNCH_DATE, STOCK, WARRANTY, COMPANY_ID, CAR_IMAGE_URL, TYPE_ID) values (32, 'Omega', 2, 1003.52, 'Silver', 454984684.58,TO_DATE('1962-04-29', 'YYYY-MM-DD') , 2, 3, 42, 'https://upload.wikimedia.org/wikipedia/commons/thumb/5/53/1973_Olds_Omega.jpg/420px-1973_Olds_Omega.jpg', 'CMPV');
insert into CARS (MODEL_COLOR_ID, MODEL_NAME, SEAT_CAP, ENGINE_CAP, COLOR, PRICE, LAUNCH_DATE, STOCK, WARRANTY, COMPANY_ID, CAR_IMAGE_URL, TYPE_ID) values (33, 'Escape', 4, 4221.1, 'Red', 897996804.19,TO_DATE('2023-12-31', 'YYYY-MM-DD') , 5, 3, 16, 'https://www.motortrend.com/uploads/2022/10/2023-Ford-Escape-ADW-front-three-quarter-2.jpg?w=614', 'SUV');
insert into CARS (MODEL_COLOR_ID, MODEL_NAME, SEAT_CAP, ENGINE_CAP, COLOR, PRICE, LAUNCH_DATE, STOCK, WARRANTY, COMPANY_ID, CAR_IMAGE_URL, TYPE_ID) values (34, 'Hornet', 5, 1321.38, 'Red', 1002825017.32,TO_DATE('2020-06-03', 'YYYY-MM-DD') , 4, 1, 29, 'https://www.motortrend.com/uploads/sites/10/2023/12/2024-dodge-hornet-gt-plus-4wd-suv-angular-front.png?w=614', 'SUV');
insert into CARS (MODEL_COLOR_ID, MODEL_NAME, SEAT_CAP, ENGINE_CAP, COLOR, PRICE, LAUNCH_DATE, STOCK, WARRANTY, COMPANY_ID, CAR_IMAGE_URL, TYPE_ID) values (35, 'TrailBlazer', 6, 7308.17, 'Yellow', 405877762.14,TO_DATE('2023-10-18', 'YYYY-MM-DD') , 4, 4, 17, 'https://www.motortrend.com/uploads/2022/05/2023-chevrolet-trailblazer-activ-001-front-three-quarter-view.jpg?w=614', 'SUV');
insert into CARS (MODEL_COLOR_ID, MODEL_NAME, SEAT_CAP, ENGINE_CAP, COLOR, PRICE, LAUNCH_DATE, STOCK, WARRANTY, COMPANY_ID, CAR_IMAGE_URL, TYPE_ID) values (36, 'Grand Cherokee', 6, 4949.09, 'Silver', 298395397.92,TO_DATE('1968-12-03', 'YYYY-MM-DD') , 0, 1, 43, 'https://www.motortrend.com/uploads/2022/08/2023-Jeep-Grand-Cherokee-4.jpg?w=614', 'SUV');
insert into CARS (MODEL_COLOR_ID, MODEL_NAME, SEAT_CAP, ENGINE_CAP, COLOR, PRICE, LAUNCH_DATE, STOCK, WARRANTY, COMPANY_ID, CAR_IMAGE_URL, TYPE_ID) values (37, 'X7', 4, 3727.46, 'Silver', 457780331.73,TO_DATE('2023-04-17', 'YYYY-MM-DD') , 2, 3, 19, 'https://www.motortrend.com/uploads/2023/10/4-2024-BMW-X7-xDrive-40i-front-view.jpg?w=614', 'LU');
insert into CARS (MODEL_COLOR_ID, MODEL_NAME, SEAT_CAP, ENGINE_CAP, COLOR, PRICE, LAUNCH_DATE, STOCK, WARRANTY, COMPANY_ID, CAR_IMAGE_URL, TYPE_ID) values (38, 'Grand Cherokee', 6, 6107.81, 'Red', 264634945.06,TO_DATE('2024-01-01', 'YYYY-MM-DD') , 12, 3, 43, 'https://www.motortrend.com/uploads/2023/09/2024-Jeep-Grand-Cherokee-Summit-front-view-01.jpg?w=614', 'SUV');
insert into CARS (MODEL_COLOR_ID, MODEL_NAME, SEAT_CAP, ENGINE_CAP, COLOR, PRICE, LAUNCH_DATE, STOCK, WARRANTY, COMPANY_ID, CAR_IMAGE_URL, TYPE_ID) values (39, 'Camaro', 2, 3616.46, 'Gray', 299844642.03,TO_DATE('2023-04-12', 'YYYY-MM-DD') , 9, 4, 17, 'https://www.motortrend.com/uploads/2023/08/2024-chevrolet-camaro-ss-collectors-edition-front-view.jpg?w=614', 'CABRI');
insert into CARS (MODEL_COLOR_ID, MODEL_NAME, SEAT_CAP, ENGINE_CAP, COLOR, PRICE, LAUNCH_DATE, STOCK, WARRANTY, COMPANY_ID, CAR_IMAGE_URL, TYPE_ID) values (40, 'Sentra', 5, 1624.08, 'Silver', 228671906.54,TO_DATE('1973-09-23', 'YYYY-MM-DD') , 15, 1, 24, 'https://www.motortrend.com/uploads/2023/03/2023-Nissan-Sentra-SR-front-three-quarter-view-19.jpg?w=614', 'SEDAN');
insert into CARS (MODEL_COLOR_ID, MODEL_NAME, SEAT_CAP, ENGINE_CAP, COLOR, PRICE, LAUNCH_DATE, STOCK, WARRANTY, COMPANY_ID, CAR_IMAGE_URL, TYPE_ID) values (41, 'E-Class', 6, 5280.63, 'Gray', 821480936.83,TO_DATE('2023-03-27', 'YYYY-MM-DD') , 12, 1, 31, 'https://www.motortrend.com/uploads/2023/04/2024-Mercedes-Benz-E-Class-European-front-three-quarters.jpg?w=614', 'SUV');
insert into CARS (MODEL_COLOR_ID, MODEL_NAME, SEAT_CAP, ENGINE_CAP, COLOR, PRICE, LAUNCH_DATE, STOCK, WARRANTY, COMPANY_ID, CAR_IMAGE_URL, TYPE_ID) values (42, '3 Series', 2, 6056.26, 'Silver', 308505929.55,TO_DATE('2017-02-22', 'YYYY-MM-DD') , 10, 5, 19, 'https://www.motortrend.com/uploads/sites/5/2021/08/2022-BMW-3-Series-872.jpg?w=614', 'SEDAN');
insert into CARS (MODEL_COLOR_ID, MODEL_NAME, SEAT_CAP, ENGINE_CAP, COLOR, PRICE, LAUNCH_DATE, STOCK, WARRANTY, COMPANY_ID, CAR_IMAGE_URL, TYPE_ID) values (43, 'Crown Victoria', 4, 3552.99, 'Blue', 982394852.88,TO_DATE('2022-03-24', 'YYYY-MM-DD') , 7, 3, 16, 'https://www.motortrend.com/uploads/sites/5/2005/08/369-0509-roadtests-2lf-ford-crown-victoria-sedan-front-right.jpg?w=614', 'SEDAN');
insert into CARS (MODEL_COLOR_ID, MODEL_NAME, SEAT_CAP, ENGINE_CAP, COLOR, PRICE, LAUNCH_DATE, STOCK, WARRANTY, COMPANY_ID, CAR_IMAGE_URL, TYPE_ID) values (44, 'Mazda CX-5', 6, 2066.64, 'Silver', 261619332.85,TO_DATE('2021-04-17', 'YYYY-MM-DD') , 8, 4, 44, 'https://www.motortrend.com/uploads/2022/08/2023-Mazda-CX-5-Turbo-013.jpg?w=614', 'HB');
insert into CARS (MODEL_COLOR_ID, MODEL_NAME, SEAT_CAP, ENGINE_CAP, COLOR, PRICE, LAUNCH_DATE, STOCK, WARRANTY, COMPANY_ID, CAR_IMAGE_URL, TYPE_ID) values (45, 'Outback', 4, 2013.72, 'Silver', 706499714.28,TO_DATE('1993-09-15', 'YYYY-MM-DD') , 0, 2, 39, 'https://www.motortrend.com/uploads/2023/05/2024-Land-Rover-Defender-Outbound-front-view-9.jpg?w=614', 'LU');
insert into CARS (MODEL_COLOR_ID, MODEL_NAME, SEAT_CAP, ENGINE_CAP, COLOR, PRICE, LAUNCH_DATE, STOCK, WARRANTY, COMPANY_ID, CAR_IMAGE_URL, TYPE_ID) values (46, 'Camry', 2, 5507.89, 'Blue', 686043598.73,TO_DATE('2022-05-14', 'YYYY-MM-DD') , 4, 4, 3, 'https://www.motortrend.com/uploads/2023/11/2025-Toyota-Camry-hybrid-sedan-13.png?w=610', 'SEDAN');
insert into CARS (MODEL_COLOR_ID, MODEL_NAME, SEAT_CAP, ENGINE_CAP, COLOR, PRICE, LAUNCH_DATE, STOCK, WARRANTY, COMPANY_ID, CAR_IMAGE_URL, TYPE_ID) values (47, 'Voyager', 9, 2515.92, 'White', 368190974.08,TO_DATE('1959-11-18', 'YYYY-MM-DD') , 11, 5, 27, 'https://www.motortrend.com/uploads/2021/11/2022-Chrysler-Voyager-008.jpg?w=610', 'VAN');
insert into CARS (MODEL_COLOR_ID, MODEL_NAME, SEAT_CAP, ENGINE_CAP, COLOR, PRICE, LAUNCH_DATE, STOCK, WARRANTY, COMPANY_ID, CAR_IMAGE_URL, TYPE_ID) values (48, 'BMW Z3', 5, 1481.96, 'Red', 927367651.82,TO_DATE('2022-02-24', 'YYYY-MM-DD') , 4, 4, 19, 'https://upload.wikimedia.org/wikipedia/commons/thumb/b/b2/BMW_Z3_3.0i_Calypso_Red_2002_-_Flickr_-_The_Car_Spy_%2817%29.jpg/420px-BMW_Z3_3.0i_Calypso_Red_2002_-_Flickr_-_The_Car_Spy_%2817%29.jpg', 'CABRI');
insert into CARS (MODEL_COLOR_ID, MODEL_NAME, SEAT_CAP, ENGINE_CAP, COLOR, PRICE, LAUNCH_DATE, STOCK, WARRANTY, COMPANY_ID, CAR_IMAGE_URL, TYPE_ID) values (49, 'tC', 10, 1261.19, 'White', 744288769.45,TO_DATE('2004-09-23', 'YYYY-MM-DD') , 7, 5, 37, 'https://www.motortrend.com/uploads/sites/5/2007/01/1064463.jpeg.jpg?w=610', 'SEDAN');
insert into CARS (MODEL_COLOR_ID, MODEL_NAME, SEAT_CAP, ENGINE_CAP, COLOR, PRICE, LAUNCH_DATE, STOCK, WARRANTY, COMPANY_ID, CAR_IMAGE_URL, TYPE_ID) values (50, 'Bonneville', 6, 3162.6, 'Gray', 851985892.1,TO_DATE('2000-02-01', 'YYYY-MM-DD') , 9, 1, 32, 'https://platform.cstatic-images.com/xlarge/in/v2/stock_photos/580f854f-b03c-4384-942d-9a653fa609d7/8b247666-6656-4a05-9fe4-08ab04d6c275.png', 'SW');
insert into CARS (MODEL_COLOR_ID, MODEL_NAME, SEAT_CAP, ENGINE_CAP, COLOR, PRICE, LAUNCH_DATE, STOCK, WARRANTY, COMPANY_ID, CAR_IMAGE_URL, TYPE_ID) values (51, 'Corvette', 2, 7230.96, 'White', 661562214.06,TO_DATE('2022-12-29', 'YYYY-MM-DD') , 1, 3, 17, 'https://www.motortrend.com/uploads/sites/10/2021/02/2021-chevrolet-corvette-stingray-1lt-targa-angular-front.png?w=610', 'CABRI');
insert into CARS (MODEL_COLOR_ID, MODEL_NAME, SEAT_CAP, ENGINE_CAP, COLOR, PRICE, LAUNCH_DATE, STOCK, WARRANTY, COMPANY_ID, CAR_IMAGE_URL, TYPE_ID) values (52, 'Amanti', 8, 7239.72, 'Silver', 687611228.75,TO_DATE('1997-08-29', 'YYYY-MM-DD') , 8, 3, 45, 'https://www.motortrend.com/uploads/sites/11/2006/11/0612_z-2007_kia_amanti-side.jpg?w=610', 'SEDAN');
insert into CARS (MODEL_COLOR_ID, MODEL_NAME, SEAT_CAP, ENGINE_CAP, COLOR, PRICE, LAUNCH_DATE, STOCK, WARRANTY, COMPANY_ID, CAR_IMAGE_URL, TYPE_ID) values (53, 'Passat', 7, 5901.11, 'Gray', 729755966.12,TO_DATE('1966-03-22', 'YYYY-MM-DD') , 7, 5, 15, 'https://www.motortrend.com/uploads/sites/10/2022/05/2022-volkswagen-passat-se-sedan-angular-front.png?w=610', 'SEDAN');
insert into CARS (MODEL_COLOR_ID, MODEL_NAME, SEAT_CAP, ENGINE_CAP, COLOR, PRICE, LAUNCH_DATE, STOCK, WARRANTY, COMPANY_ID, CAR_IMAGE_URL, TYPE_ID) values (54, 'S80', 3, 1058.27, 'Silver', 636153057.23,TO_DATE('1956-04-02', 'YYYY-MM-DD') , 12, 5, 28, 'https://www.motortrend.com/uploads/sites/10/2015/11/2010-volvo-s80-3.2-sedan-angular-front.png?fit=around%7C875:492', 'SEDAN');
insert into CARS (MODEL_COLOR_ID, MODEL_NAME, SEAT_CAP, ENGINE_CAP, COLOR, PRICE, LAUNCH_DATE, STOCK, WARRANTY, COMPANY_ID, CAR_IMAGE_URL, TYPE_ID) values (55, 'GS', 5, 6105.63, 'Gray', 180803063.97,TO_DATE('1961-07-10', 'YYYY-MM-DD') , 11, 3, 23, 'https://www.motortrend.com/uploads/sites/10/2015/11/2013-lexus-gs-300-fsport-sedan-angular-front.png?fit=around%7C875:492', 'SEDAN');
insert into CARS (MODEL_COLOR_ID, MODEL_NAME, SEAT_CAP, ENGINE_CAP, COLOR, PRICE, LAUNCH_DATE, STOCK, WARRANTY, COMPANY_ID, CAR_IMAGE_URL, TYPE_ID) values (56, 'Hummer H2', 6, 6091.49, 'Yellow', 170175239.51,TO_DATE('1988-11-13', 'YYYY-MM-DD') , 2, 2, 26, 'https://upload.wikimedia.org/wikipedia/commons/thumb/4/4b/Hummer_H2_%2852891415542%29_%28cropped%29.jpg/1200px-Hummer_H2_%2852891415542%29_%28cropped%29.jpg', 'SUV');
insert into CARS (MODEL_COLOR_ID, MODEL_NAME, SEAT_CAP, ENGINE_CAP, COLOR, PRICE, LAUNCH_DATE, STOCK, WARRANTY, COMPANY_ID, CAR_IMAGE_URL, TYPE_ID) values (57, 'Comanche', 2, 898.23, 'Red', 668288101.94,TO_DATE( '1960-09-17', 'YYYY-MM-DD'), 13, 3, 43, 'https://upload.wikimedia.org/wikipedia/commons/7/7f/1990_Jeep_Comanche_Eliminator.jpg', 'TRUCK');
insert into CARS (MODEL_COLOR_ID, MODEL_NAME, SEAT_CAP, ENGINE_CAP, COLOR, PRICE, LAUNCH_DATE, STOCK, WARRANTY, COMPANY_ID, CAR_IMAGE_URL, TYPE_ID) values (58, 'Quattroporte', 4, 7767.06, 'White', 557546395.94,TO_DATE('2022-07-23', 'YYYY-MM-DD') , 3, 3, 46, 'https://www.motortrend.com/uploads/2022/11/2023-Maserati-MC20-Cielo-17.jpg?fit=around%7C875:492', 'CABRI');
insert into CARS (MODEL_COLOR_ID, MODEL_NAME, SEAT_CAP, ENGINE_CAP, COLOR, PRICE, LAUNCH_DATE, STOCK, WARRANTY, COMPANY_ID, CAR_IMAGE_URL, TYPE_ID) values (60, '545e', 4, 7701.37, 'White', 290066371.62,TO_DATE('2013-08-27', 'YYYY-MM-DD') , 14, 3, 19, 'https://s.car.info/image_files/960/0-913745.jpg', 'SEDAN');
insert into CARS (MODEL_COLOR_ID, MODEL_NAME, SEAT_CAP, ENGINE_CAP, COLOR, PRICE, LAUNCH_DATE, STOCK, WARRANTY, COMPANY_ID, CAR_IMAGE_URL, TYPE_ID) values (61, 'Esteem', 6, 3301.98, 'Black', 100262122.66,TO_DATE('1955-11-14', 'YYYY-MM-DD') , 9, 1, 47, 'https://static.wikia.nocookie.net/90scars/images/5/56/96esteem.jpg/revision/latest?cb=20160910142617', 'CMPV');
insert into CARS (MODEL_COLOR_ID, MODEL_NAME, SEAT_CAP, ENGINE_CAP, COLOR, PRICE, LAUNCH_DATE, STOCK, WARRANTY, COMPANY_ID, CAR_IMAGE_URL, TYPE_ID) values (62, '400SE', 6, 6484.46, 'Blue', 277547579.93,TO_DATE('2001-02-06', 'YYYY-MM-DD') , 1, 5, 31, 'https://images.classic.com/vehicles/383c918661ab34c53adb619ef814acbdb64c4f98.jpg?w=1200&h=676&fit=crop', 'SEDAN');
insert into CARS (MODEL_COLOR_ID, MODEL_NAME, SEAT_CAP, ENGINE_CAP, COLOR, PRICE, LAUNCH_DATE, STOCK, WARRANTY, COMPANY_ID, CAR_IMAGE_URL, TYPE_ID) values (63, 'Equus', 4, 3794.19, 'White', 512736837.81,TO_DATE('2022-05-06', 'YYYY-MM-DD') , 14, 1, 41, 'https://upload.wikimedia.org/wikipedia/commons/thumb/4/41/2011_Hyundai_Equus_--_02-24-2011.jpg/420px-2011_Hyundai_Equus_--_02-24-2011.jpg', 'LU');
insert into CARS (MODEL_COLOR_ID, MODEL_NAME, SEAT_CAP, ENGINE_CAP, COLOR, PRICE, LAUNCH_DATE, STOCK, WARRANTY, COMPANY_ID, CAR_IMAGE_URL, TYPE_ID) values (64, 'Express 3500', 8, 3636.49, 'White', 57597625.86,TO_DATE('2001-09-24', 'YYYY-MM-DD') , 6, 2, 17, 'https://s.car.info/image_files/960/0-824728.jpg', 'VAN');
insert into CARS (MODEL_COLOR_ID, MODEL_NAME, SEAT_CAP, ENGINE_CAP, COLOR, PRICE, LAUNCH_DATE, STOCK, WARRANTY, COMPANY_ID, CAR_IMAGE_URL, TYPE_ID) values (65, 'Jetta III', 4, 2319.23, 'White', 401470838.82,TO_DATE('2022-04-11', 'YYYY-MM-DD') , 2, 3, 15, 'https://www.motortrend.com/uploads/2023/07/2024-Volkswagen-Jetta-GLI-40th-Anniversary-Edition-VW-11.jpg?w=660', 'SEDAN');
insert into CARS (MODEL_COLOR_ID, MODEL_NAME, SEAT_CAP, ENGINE_CAP, COLOR, PRICE, LAUNCH_DATE, STOCK, WARRANTY, COMPANY_ID, CAR_IMAGE_URL, TYPE_ID) values (66, 'Wrangler', 8, 4302.27, 'Blue', 846716938.28,TO_DATE('1954-12-08', 'YYYY-MM-DD') , 8, 3, 43, 'https://www.motortrend.com/uploads/2024/02/001-2024-Jeep-Wrangler-4xe-Rubicon-X-front-three-quarters.jpg?w=722', 'SPORT');
insert into CARS (MODEL_COLOR_ID, MODEL_NAME, SEAT_CAP, ENGINE_CAP, COLOR, PRICE, LAUNCH_DATE, STOCK, WARRANTY, COMPANY_ID, CAR_IMAGE_URL, TYPE_ID) values (67, 'Prizm', 5, 6366.47, 'Silver', 277881346.11,TO_DATE('1964-09-22', 'YYYY-MM-DD') , 9, 3, 48, 'https://encrypted-tbn0.gstatic.com/images?q=tbn:ANd9GcRT3WIzMi-beYfPv9KjhKX0Oe0B3LN5G8YejNfyxk94ur6IIdIY-aOyVLnwmmSTIlC_yX4&usqp=CAU', 'CMPV');
insert into CARS (MODEL_COLOR_ID, MODEL_NAME, SEAT_CAP, ENGINE_CAP, COLOR, PRICE, LAUNCH_DATE, STOCK, WARRANTY, COMPANY_ID, CAR_IMAGE_URL, TYPE_ID) values (68, 'Highlander', 6, 5342.48, 'White', 888449725.0,TO_DATE('2018-11-23', 'YYYY-MM-DD') , 13, 1, 3, 'https://www.motortrend.com/uploads/2023/10/001-2024-Toyota-Grand-Highlander-Gas-front-three-quarters-in-action.jpg?w=722', 'SUV');
insert into CARS (MODEL_COLOR_ID, MODEL_NAME, SEAT_CAP, ENGINE_CAP, COLOR, PRICE, LAUNCH_DATE, STOCK, WARRANTY, COMPANY_ID, CAR_IMAGE_URL, TYPE_ID) values (69, 'Optima', 4, 3924.35, 'Black', 18381306.39,TO_DATE('1950-11-16', 'YYYY-MM-DD') , 13, 4, 45, 'https://www.motortrend.com/uploads/sites/10/2020/01/2020-kia-optima-lx-sedan-angular-front.png?w=722', 'SEDAN');
insert into CARS (MODEL_COLOR_ID, MODEL_NAME, SEAT_CAP, ENGINE_CAP, COLOR, PRICE, LAUNCH_DATE, STOCK, WARRANTY, COMPANY_ID, CAR_IMAGE_URL, TYPE_ID) values (70, 'S4', 4, 3397.88, 'White', 824838618.16,TO_DATE('2018-12-05', 'YYYY-MM-DD') , 13, 4, 40, 'https://www.cnet.com/a/img/resize/1c7af0da7c20349e2507076b8f41f579339b139e/hub/2020/08/27/3955334c-5f2f-4f1f-b482-e72c71fb50c9/2020-audi-s4-ogi-1.jpg?auto=webp&fit=crop&height=900&width=1200', 'SEDAN');
insert into CARS (MODEL_COLOR_ID, MODEL_NAME, SEAT_CAP, ENGINE_CAP, COLOR, PRICE, LAUNCH_DATE, STOCK, WARRANTY, COMPANY_ID, CAR_IMAGE_URL, TYPE_ID) values (71, 'A8', 4, 4839.19, 'Silver', 689005305.15,TO_DATE('2022-02-26', 'YYYY-MM-DD') , 14, 3, 40, 'https://s.car.info/image_files/960/0-1234036.jpg', 'LU');
insert into CARS (MODEL_COLOR_ID, MODEL_NAME, SEAT_CAP, ENGINE_CAP, COLOR, PRICE, LAUNCH_DATE, STOCK, WARRANTY, COMPANY_ID, CAR_IMAGE_URL, TYPE_ID) values (72, 'Discovery Series II', 6, 1138.06, 'White', 769006533.38,TO_DATE('2023-02-03', 'YYYY-MM-DD'), 15, 1, 49, 'https://www.motortrend.com/uploads/sites/5/1999/06/9906_MTRP_07_I_DISC-C.jpg?fit=around%7C875:492', 'SUV');
insert into CARS (MODEL_COLOR_ID, MODEL_NAME, SEAT_CAP, ENGINE_CAP, COLOR, PRICE, LAUNCH_DATE, STOCK, WARRANTY, COMPANY_ID, CAR_IMAGE_URL, TYPE_ID) values (73, '940', 4, 6683.18, 'Black', 977254794.4,TO_DATE('2022-10-02', 'YYYY-MM-DD') , 11, 2, 28, 'https://upload.wikimedia.org/wikipedia/commons/thumb/9/92/Volvo-940-Sedan.jpg/420px-Volvo-940-Sedan.jpg', 'SW');
insert into CARS (MODEL_COLOR_ID, MODEL_NAME, SEAT_CAP, ENGINE_CAP, COLOR, PRICE, LAUNCH_DATE, STOCK, WARRANTY, COMPANY_ID, CAR_IMAGE_URL, TYPE_ID) values (74, 'Commander', 8, 2747.83, 'Black', 265236536.82,TO_DATE('2000-06-01', 'YYYY-MM-DD') , 2, 5, 43, 'https://carfax-vrs.imgix.net/2007-Jeep-Commander-EX-100777801-29.png', 'SUV');
insert into CARS (MODEL_COLOR_ID, MODEL_NAME, SEAT_CAP, ENGINE_CAP, COLOR, PRICE, LAUNCH_DATE, STOCK, WARRANTY, COMPANY_ID, CAR_IMAGE_URL, TYPE_ID) values (75, 'Sunbird', 2, 6322.64, 'Red', 758012142.77,TO_DATE('2019-10-21', 'YYYY-MM-DD') , 8, 4, 32, 'https://upload.wikimedia.org/wikipedia/commons/0/07/%2793_Sunbird_Convertible.jpg', 'CABRI');
insert into CARS (MODEL_COLOR_ID, MODEL_NAME, SEAT_CAP, ENGINE_CAP, COLOR, PRICE, LAUNCH_DATE, STOCK, WARRANTY, COMPANY_ID, CAR_IMAGE_URL, TYPE_ID) values (76, 'Elise', 2, 5844.06, 'Red', 448663436.31,TO_DATE('2022-05-24', 'YYYY-MM-DD') , 1, 2, 50, 'https://upload.wikimedia.org/wikipedia/commons/thumb/9/90/2014_Lotus_Elise_S_Club_Racer_1.8_Front.jpg/1024px-2014_Lotus_Elise_S_Club_Racer_1.8_Front.jpg', 'SPORT');
insert into CARS (MODEL_COLOR_ID, MODEL_NAME, SEAT_CAP, ENGINE_CAP, COLOR, PRICE, LAUNCH_DATE, STOCK, WARRANTY, COMPANY_ID, CAR_IMAGE_URL, TYPE_ID) values (77, 'F350', 2, 6927.36, 'Red', 112900429.09,TO_DATE('2002-05-07', 'YYYY-MM-DD') , 8, 1, 16, 'https://s.car.info/image_files/960/0-1013221.jpg', 'TRUCK');
insert into CARS (MODEL_COLOR_ID, MODEL_NAME, SEAT_CAP, ENGINE_CAP, COLOR, PRICE, LAUNCH_DATE, STOCK, WARRANTY, COMPANY_ID, CAR_IMAGE_URL, TYPE_ID) values (78, 'Swift', 6, 7995.94, 'Blue', 318548488.03,TO_DATE('2004-08-30', 'YYYY-MM-DD') , 0, 4, 47, 'https://s.car.info/image_files/960/0-1377098.jpg', 'MMPV');
insert into CARS (MODEL_COLOR_ID, MODEL_NAME, SEAT_CAP, ENGINE_CAP, COLOR, PRICE, LAUNCH_DATE, STOCK, WARRANTY, COMPANY_ID, CAR_IMAGE_URL, TYPE_ID) values (79, 'Concorde', 6, 7787.46, 'Red', 742537204.85,TO_DATE('2021-12-22', 'YYYY-MM-DD') , 6, 3, 27, 'https://s.car.info/image_files/960/chrysler-concorde-front-side-0-466982.jpg', 'SEDAN');
insert into CARS (MODEL_COLOR_ID, MODEL_NAME, SEAT_CAP, ENGINE_CAP, COLOR, PRICE, LAUNCH_DATE, STOCK, WARRANTY, COMPANY_ID, CAR_IMAGE_URL, TYPE_ID) values (80, 'Sable', 7, 1936.78, 'Black', 916311655.69,TO_DATE('1971-12-16', 'YYYY-MM-DD') , 6, 4, 25, 'https://s.car.info/image_files/960/0-1065834.jpg', 'SW');
insert into CARS (MODEL_COLOR_ID, MODEL_NAME, SEAT_CAP, ENGINE_CAP, COLOR, PRICE, LAUNCH_DATE, STOCK, WARRANTY, COMPANY_ID, CAR_IMAGE_URL, TYPE_ID) values (81, 'Sephia', 10, 3167.76, 'Yellow', 77340407.8,TO_DATE('2000-08-27', 'YYYY-MM-DD') , 10, 3, 45, 'https://upload.wikimedia.org/wikipedia/commons/b/b6/Kia_Grand_Sephia_1.jpg', 'HB');
insert into CARS (MODEL_COLOR_ID, MODEL_NAME, SEAT_CAP, ENGINE_CAP, COLOR, PRICE, LAUNCH_DATE, STOCK, WARRANTY, COMPANY_ID, CAR_IMAGE_URL, TYPE_ID) values (82, 'RX', 5, 6528.03, 'Silver', 645460577.03,TO_DATE('2000-01-12', 'YYYY-MM-DD') , 11, 5, 23, 'https://s.car.info/image_files/960/0-1145186.jpg', 'SUV');
insert into CARS (MODEL_COLOR_ID, MODEL_NAME, SEAT_CAP, ENGINE_CAP, COLOR, PRICE, LAUNCH_DATE, STOCK, WARRANTY, COMPANY_ID, CAR_IMAGE_URL, TYPE_ID) values (83, 'Rodeo', 7, 7043.84, 'Black', 392870915.26,TO_DATE('2012-03-21', 'YYYY-MM-DD') , 13, 1, 51, 'https://s.car.info/image_files/960/0-1089441.jpg', 'SUV');
insert into CARS (MODEL_COLOR_ID, MODEL_NAME, SEAT_CAP, ENGINE_CAP, COLOR, PRICE, LAUNCH_DATE, STOCK, WARRANTY, COMPANY_ID, CAR_IMAGE_URL, TYPE_ID) values (84, 'Daewoo Magnus', 7, 4867.93, 'Black', 59480127.35,TO_DATE('2000-02-25', 'YYYY-MM-DD') , 7, 1, 47, 'https://s.car.info/image_files/960/0-834206.jpg', 'SEDAN');
insert into CARS (MODEL_COLOR_ID, MODEL_NAME, SEAT_CAP, ENGINE_CAP, COLOR, PRICE, LAUNCH_DATE, STOCK, WARRANTY, COMPANY_ID, CAR_IMAGE_URL, TYPE_ID) values (85, 'Safari', 3, 2905.66, 'Red', 487291049.78,TO_DATE('1990-06-02', 'YYYY-MM-DD') , 10, 1, 32, 'https://www.motortrend.com/uploads/sites/21/2007/04/rodp_0704_01_z-56_pontiac_safari_-.jpg?w=674', 'SW');
insert into CARS (MODEL_COLOR_ID, MODEL_NAME, SEAT_CAP, ENGINE_CAP, COLOR, PRICE, LAUNCH_DATE, STOCK, WARRANTY, COMPANY_ID, CAR_IMAGE_URL, TYPE_ID) values (86, 'Countach', 7, 6602.63, 'Yellow', 822396992.2,TO_DATE('2022-06-22', 'YYYY-MM-DD') , 11, 4, 52, 'https://www.motortrend.com/uploads/sites/5/2021/09/Lamborghini-Countach-LP500-01.jpg?w=674', 'SPORT');
insert into CARS (MODEL_COLOR_ID, MODEL_NAME, SEAT_CAP, ENGINE_CAP, COLOR, PRICE, LAUNCH_DATE, STOCK, WARRANTY, COMPANY_ID, CAR_IMAGE_URL, TYPE_ID) values (87, 'XK', 2, 1712.21, 'White', 987390080.14,TO_DATE('2022-08-21', 'YYYY-MM-DD') , 12, 4, 53, 'https://s.car.info/image_files/960/jaguar-xk-convertible-front-side-0-217538.jpg', 'CABRI');
insert into CARS (MODEL_COLOR_ID, MODEL_NAME, SEAT_CAP, ENGINE_CAP, COLOR, PRICE, LAUNCH_DATE, STOCK, WARRANTY, COMPANY_ID, CAR_IMAGE_URL, TYPE_ID) values (88, 'Jetta GLI', 4, 1491.65, 'Gray', 980880731.38,TO_DATE('2023-03-18', 'YYYY-MM-DD') , 14, 5, 15, 'https://s.car.info/image_files/960/0-1357198.jpg', 'SPORT');
insert into CARS (MODEL_COLOR_ID, MODEL_NAME, SEAT_CAP, ENGINE_CAP, COLOR, PRICE, LAUNCH_DATE, STOCK, WARRANTY, COMPANY_ID, CAR_IMAGE_URL, TYPE_ID) values (89, 'Daewoo Kalos', 4, 990.05, 'Brown', 358371919.11,TO_DATE('2007-01-08', 'YYYY-MM-DD') , 13, 1, 32, 'https://s.car.info/image_files/960/0-836632.jpg', 'SEDAN');
insert into CARS (MODEL_COLOR_ID, MODEL_NAME, SEAT_CAP, ENGINE_CAP, COLOR, PRICE, LAUNCH_DATE, STOCK, WARRANTY, COMPANY_ID, CAR_IMAGE_URL, TYPE_ID) values (90, 'Challenger', 4, 4173.7, 'White', 154819200.89,TO_DATE('2021-05-20', 'YYYY-MM-DD') , 10, 5, 29, 'https://s.car.info/image_files/960/0-1241779.jpg', 'SW');
insert into CARS (MODEL_COLOR_ID, MODEL_NAME, SEAT_CAP, ENGINE_CAP, COLOR, PRICE, LAUNCH_DATE, STOCK, WARRANTY, COMPANY_ID, CAR_IMAGE_URL, TYPE_ID) values (91, 'Accord', 4, 6639.4, 'Black', 633243239.97,TO_DATE('2015-06-26', 'YYYY-MM-DD') , 13, 2, 18, 'https://s.car.info/image_files/960/0-1311786.jpg', 'SEDAN');
insert into CARS (MODEL_COLOR_ID, MODEL_NAME, SEAT_CAP, ENGINE_CAP, COLOR, PRICE, LAUNCH_DATE, STOCK, WARRANTY, COMPANY_ID, CAR_IMAGE_URL, TYPE_ID) values (92, 'Safari', 3, 2905.66, 'Turquoise Blue', 487291049.78,TO_DATE('1990-06-02', 'YYYY-MM-DD') , 6, 1, 35, 'https://cdn.dealeraccelerate.com/lm/1/56/13070/1920x1440/1955-pontiac-safari.webp', 'SW');
insert into CARS (MODEL_COLOR_ID, MODEL_NAME, SEAT_CAP, ENGINE_CAP, COLOR, PRICE, LAUNCH_DATE, STOCK, WARRANTY, COMPANY_ID, CAR_IMAGE_URL, TYPE_ID) values (93, 'Corvette', 2, 7230.96, 'Yellow', 661562214.06,TO_DATE('2022-12-29', 'YYYY-MM-DD') , 4, 3, 17, 'https://www.motortrend.com/uploads/sites/5/2021/06/2022-Chevrolet-Corvette-IMSA-GTLM-Championship-Edition-3.jpg?w=610', 'CABRI');
insert into CARS (MODEL_COLOR_ID, MODEL_NAME, SEAT_CAP, ENGINE_CAP, COLOR, PRICE, LAUNCH_DATE, STOCK, WARRANTY, COMPANY_ID, CAR_IMAGE_URL, TYPE_ID) values (94, 'Odyssey', 6, 1599.02, 'Turquoise Blue', 93540735.42,TO_DATE('2000-09-20', 'YYYY-MM-DD') , 14, 3, 18, 'https://s.car.info/image_files/960/0-866695.jpg', 'SUV');
insert into CARS (MODEL_COLOR_ID, MODEL_NAME, SEAT_CAP, ENGINE_CAP, COLOR, PRICE, LAUNCH_DATE, STOCK, WARRANTY, COMPANY_ID, CAR_IMAGE_URL, TYPE_ID) values (95, 'CR-V', 4, 6791.54, 'Red', 591249874.73,TO_DATE('2015-09-27', 'YYYY-MM-DD') , 8, 4, 18, 'https://s.car.info/image_files/960/0-886484.jpg', 'SUV');
insert into CARS (MODEL_COLOR_ID, MODEL_NAME, SEAT_CAP, ENGINE_CAP, COLOR, PRICE, LAUNCH_DATE, STOCK, WARRANTY, COMPANY_ID, CAR_IMAGE_URL, TYPE_ID) values (96, 'RAV4', 4, 7196.77, 'Gray', 207580228.71,TO_DATE('2016-06-03', 'YYYY-MM-DD') , 4, 3, 3, 'https://s.car.info/image_files/960/0-1059760.jpg', 'SUV');
insert into CARS (MODEL_COLOR_ID, MODEL_NAME, SEAT_CAP, ENGINE_CAP, COLOR, PRICE, LAUNCH_DATE, STOCK, WARRANTY, COMPANY_ID, CAR_IMAGE_URL, TYPE_ID) values (97, 'G-Series', 8, 1258.5, 'Red', 289528815.62,TO_DATE('2000-06-05', 'YYYY-MM-DD') , 14, 5, 17, 'https://s.car.info/image_files/960/0-910954.jpg', 'VAN');
insert into CARS (MODEL_COLOR_ID, MODEL_NAME, SEAT_CAP, ENGINE_CAP, COLOR, PRICE, LAUNCH_DATE, STOCK, WARRANTY, COMPANY_ID, CAR_IMAGE_URL, TYPE_ID) values (98, '300ZX', 2, 4295.35, 'Black', 736469424.49, TO_DATE('2019-06-20', 'YYYY-MM-DD'), 1, 1, 24, 'https://upload.wikimedia.org/wikipedia/commons/5/51/300ZX.jpg', 'SPORT');
insert into CARS (MODEL_COLOR_ID, MODEL_NAME, SEAT_CAP, ENGINE_CAP, COLOR, PRICE, LAUNCH_DATE, STOCK, WARRANTY, COMPANY_ID, CAR_IMAGE_URL, TYPE_ID) values (99, 'i-Series', 7, 673.89, 'White', 199718893.05,TO_DATE('2015-12-05', 'YYYY-MM-DD') , 1, 5, 51, 'https://s1.cdn.autoevolution.com/images/gallery/ISUZUICrewCab-3292_1.jpg', 'TRUCK');
insert into CARS (MODEL_COLOR_ID, MODEL_NAME, SEAT_CAP, ENGINE_CAP, COLOR, PRICE, LAUNCH_DATE, STOCK, WARRANTY, COMPANY_ID, CAR_IMAGE_URL, TYPE_ID) values (100, 'LR3', 6, 4972.57, 'White', 333875280.86,TO_DATE('2015-02-05', 'YYYY-MM-DD') , 15, 1, 49, 'https://s.car.info/image_files/960/0-1153270.jpg', 'SUV');
insert into CARS (MODEL_COLOR_ID, MODEL_NAME, SEAT_CAP, ENGINE_CAP, COLOR, PRICE, LAUNCH_DATE, STOCK, WARRANTY, COMPANY_ID, CAR_IMAGE_URL, TYPE_ID) values (101, 'D150', 2, 1471.34, 'Black', 822522930.48,TO_DATE('1999-12-03', 'YYYY-MM-DD') , 11, 2, 29, 'https://upload.wikimedia.org/wikipedia/commons/thumb/8/8b/1983_Dodge_D150_Sweptline.jpg/1024px-1983_Dodge_D150_Sweptline.jpg', 'TRUCK');
insert into CARS (MODEL_COLOR_ID, MODEL_NAME, SEAT_CAP, ENGINE_CAP, COLOR, PRICE, LAUNCH_DATE, STOCK, WARRANTY, COMPANY_ID, CAR_IMAGE_URL, TYPE_ID) values (102, 'Fairlane', 4, 4725.56, 'Red', 736829383.08,TO_DATE('2000-01-09', 'YYYY-MM-DD') , 8, 2, 16, 'https://www.motortrend.com/uploads/2023/01/1966-ford-fairlane.jpeg?fit=around%7C875:492', 'SW');
insert into CARS (MODEL_COLOR_ID, MODEL_NAME, SEAT_CAP, ENGINE_CAP, COLOR, PRICE, LAUNCH_DATE, STOCK, WARRANTY, COMPANY_ID, CAR_IMAGE_URL, TYPE_ID) values (103, 'New Beetle', 2, 1968.55, 'Light Green', 854133829.11,TO_DATE('2005-01-12', 'YYYY-MM-DD') , 3, 1, 15, 'https://upload.wikimedia.org/wikipedia/commons/thumb/8/82/2002_Volkswagen_New_Beetle_%289C_MY02.5%29_2.0_coupe_%282010-10-01%29_01.jpg/1024px-2002_Volkswagen_New_Beetle_%289C_MY02.5%29_2.0_coupe_%282010-10-01%29_01.jpg', 'MMPV');
insert into CARS (MODEL_COLOR_ID, MODEL_NAME, SEAT_CAP, ENGINE_CAP, COLOR, PRICE, LAUNCH_DATE, STOCK, WARRANTY, COMPANY_ID, CAR_IMAGE_URL, TYPE_ID) values (104, 'Quest', 6, 7389.43, 'Red', 870331848.93,TO_DATE('2003-06-03', 'YYYY-MM-DD') , 5, 2, 24, 'https://s.car.info/image_files/960/0-1022244.jpg', 'SUV');
insert into CARS (MODEL_COLOR_ID, MODEL_NAME, SEAT_CAP, ENGINE_CAP, COLOR, PRICE, LAUNCH_DATE, STOCK, WARRANTY, COMPANY_ID, CAR_IMAGE_URL, TYPE_ID) values (105, 'Eclipse', 4, 3759.29, 'Red', 307479616.7,TO_DATE('2020-01-12', 'YYYY-MM-DD') , 10, 1, 71, 'https://s.car.info/image_files/960/mitsubishi-eclipse-spyder-front-side-0-331617.jpg', 'CABRI');
insert into CARS (MODEL_COLOR_ID, MODEL_NAME, SEAT_CAP, ENGINE_CAP, COLOR, PRICE, LAUNCH_DATE, STOCK, WARRANTY, COMPANY_ID, CAR_IMAGE_URL, TYPE_ID) values (106, 'LS', 4, 3753.99, 'White', 869679283.79,TO_DATE('2022-08-19', 'YYYY-MM-DD') , 4, 1, 23, 'https://s.car.info/image_files/960/0-932368.jpg', 'LU');
insert into CARS (MODEL_COLOR_ID, MODEL_NAME, SEAT_CAP, ENGINE_CAP, COLOR, PRICE, LAUNCH_DATE, STOCK, WARRANTY, COMPANY_ID, CAR_IMAGE_URL, TYPE_ID) values (107, 'Esprit', 2, 6354.03, 'Red', 527948201.32,TO_DATE('2017-01-06', 'YYYY-MM-DD') , 8, 3, 50, 'https://s.car.info/image_files/960/lotus-esprit-front-side-1-1281731.jpg', 'SPORT');
insert into CARS (MODEL_COLOR_ID, MODEL_NAME, SEAT_CAP, ENGINE_CAP, COLOR, PRICE, LAUNCH_DATE, STOCK, WARRANTY, COMPANY_ID, CAR_IMAGE_URL, TYPE_ID) values (108, 'Range Rover', 5, 1925.65, 'Turquoise Blue', 555110865.34,TO_DATE('2015-03-30', 'YYYY-MM-DD') , 12, 4, 49, 'https://s.car.info/image_files/960/0-1262510.jpg', 'LU');
insert into CARS (MODEL_COLOR_ID, MODEL_NAME, SEAT_CAP, ENGINE_CAP, COLOR, PRICE, LAUNCH_DATE, STOCK, WARRANTY, COMPANY_ID, CAR_IMAGE_URL, TYPE_ID) values (109, 'Town Car', 4, 901.15, 'White', 253260187.34,TO_DATE('2000-03-05', 'YYYY-MM-DD') , 7, 4, 54, 'https://s.car.info/image_files/960/0-1066589.jpg', 'LU');
insert into CARS (MODEL_COLOR_ID, MODEL_NAME, SEAT_CAP, ENGINE_CAP, COLOR, PRICE, LAUNCH_DATE, STOCK, WARRANTY, COMPANY_ID, CAR_IMAGE_URL, TYPE_ID) values (110, 'Yukon', 6, 6583.69, 'Black', 297051435.58,TO_DATE('2019-03-19', 'YYYY-MM-DD') , 3, 1, 35, 'https://s.car.info/image_files/960/0-852612.jpg', 'SUV');
insert into CARS (MODEL_COLOR_ID, MODEL_NAME, SEAT_CAP, ENGINE_CAP, COLOR, PRICE, LAUNCH_DATE, STOCK, WARRANTY, COMPANY_ID, CAR_IMAGE_URL, TYPE_ID) values (111, 'XJ', 4, 5858.78, 'Silver', 786521753.59,TO_DATE('2023-05-27', 'YYYY-MM-DD') , 15, 1, 53, 'https://s.car.info/image_files/960/jaguar-xj-front-side-0-216699.jpg', 'LU');
insert into CARS (MODEL_COLOR_ID, MODEL_NAME, SEAT_CAP, ENGINE_CAP, COLOR, PRICE, LAUNCH_DATE, STOCK, WARRANTY, COMPANY_ID, CAR_IMAGE_URL, TYPE_ID) values (112, 'Explorer', 6, 7679.91, 'Turquoise Blue', 272550371.72,TO_DATE('2022-11-05', 'YYYY-MM-DD') , 4, 2, 16, 'https://s.car.info/image_files/960/0-1404407.jpg', 'SUV');
insert into CARS (MODEL_COLOR_ID, MODEL_NAME, SEAT_CAP, ENGINE_CAP, COLOR, PRICE, LAUNCH_DATE, STOCK, WARRANTY, COMPANY_ID, CAR_IMAGE_URL, TYPE_ID) values (113, 'Grand Vitara', 7, 7084.66, 'Brown', 426328595.03,TO_DATE('2015-07-12', 'YYYY-MM-DD') , 13, 4, 47, 'https://stimg.cardekho.com/images/car-images/930x620/Maruti/Grand-Vitara/10505/1689922798930/223_opulent-red-midnight-black_d37368.jpg?tr=w-898', 'SUV');
insert into CARS (MODEL_COLOR_ID, MODEL_NAME, SEAT_CAP, ENGINE_CAP, COLOR, PRICE, LAUNCH_DATE, STOCK, WARRANTY, COMPANY_ID, CAR_IMAGE_URL, TYPE_ID) values (114, 'Clubman', 6, 5868.91, 'Black', 239211980.3,TO_DATE('2004-08-22', 'YYYY-MM-DD') , 9, 4, 55, 'https://s.car.info/image_files/960/0-1232376.jpg', 'HB');
insert into CARS (MODEL_COLOR_ID, MODEL_NAME, SEAT_CAP, ENGINE_CAP, COLOR, PRICE, LAUNCH_DATE, STOCK, WARRANTY, COMPANY_ID, CAR_IMAGE_URL, TYPE_ID) values (115, 'Vandura', 10, 993.22, 'Gray', 274052941.67,TO_DATE('2015-11-04', 'YYYY-MM-DD') , 13, 1, 35, 'https://s.car.info/image_files/960/0-898656.jpg', 'VAN');
insert into CARS (MODEL_COLOR_ID, MODEL_NAME, SEAT_CAP, ENGINE_CAP, COLOR, PRICE, LAUNCH_DATE, STOCK, WARRANTY, COMPANY_ID, CAR_IMAGE_URL, TYPE_ID) values (116, 'Altima', 4, 2754.4, 'Red', 590709751.23,TO_DATE('2009-02-09', 'YYYY-MM-DD') , 5, 2, 24, 'https://s.car.info/image_files/960/0-1150788.jpg', 'SEDAN');
insert into CARS (MODEL_COLOR_ID, MODEL_NAME, SEAT_CAP, ENGINE_CAP, COLOR, PRICE, LAUNCH_DATE, STOCK, WARRANTY, COMPANY_ID, CAR_IMAGE_URL, TYPE_ID) values (117, '3000GT', 2, 4746.3, 'Blue', 377497547.07,TO_DATE('2023-09-01', 'YYYY-MM-DD') , 8, 5, 71, 'https://s.car.info/image_files/960/mitsubishi-3000-gt-front-side-valborgscruising-i-stockholm-2018-1-529857.jpg', 'SPORT');
insert into CARS (MODEL_COLOR_ID, MODEL_NAME, SEAT_CAP, ENGINE_CAP, COLOR, PRICE, LAUNCH_DATE, STOCK, WARRANTY, COMPANY_ID, CAR_IMAGE_URL, TYPE_ID) values (118, 'BMW Z3', 5, 1481.96, 'Orange', 927367651.82, TO_DATE('2022-02-24', 'YYYY-MM-DD'), 2, 1, 19, 'https://s.car.info/image_files/960/front-side-1-1312470.jpg', 'CABRI');
insert into CARS (MODEL_COLOR_ID, MODEL_NAME, SEAT_CAP, ENGINE_CAP, COLOR, PRICE, LAUNCH_DATE, STOCK, WARRANTY, COMPANY_ID, CAR_IMAGE_URL, TYPE_ID) values (119, 'RX', 5, 6528.03, 'White', 645460577.03,TO_DATE('2000-01-12', 'YYYY-MM-DD') , 11, 3, 23, 'https://s.car.info/image_files/960/0-1145190.jpg', 'SUV');
insert into CARS (MODEL_COLOR_ID, MODEL_NAME, SEAT_CAP, ENGINE_CAP, COLOR, PRICE, LAUNCH_DATE, STOCK, WARRANTY, COMPANY_ID, CAR_IMAGE_URL, TYPE_ID) values (120, 'Grand Marquis', 4, 7225.99, 'Brown', 28890209.48,TO_DATE('1979-12-17', 'YYYY-MM-DD') , 15, 5, 25, 'https://s.car.info/image_files/960/0-1067067.jpg', 'SW');
insert into CARS (MODEL_COLOR_ID, MODEL_NAME, SEAT_CAP, ENGINE_CAP, COLOR, PRICE, LAUNCH_DATE, STOCK, WARRANTY, COMPANY_ID, CAR_IMAGE_URL, TYPE_ID) values (121, 'Catera', 4, 6822.81, 'Red', 10227289.72,TO_DATE('2019-04-08', 'YYYY-MM-DD') , 4, 3, 36, 'https://media.ed.edmunds-media.com/cadillac/catera/1999/oem/1999_cadillac_catera_sedan_base_fq_oem_1_815x543.jpg', 'SEDAN');
insert into CARS (MODEL_COLOR_ID, MODEL_NAME, SEAT_CAP, ENGINE_CAP, COLOR, PRICE, LAUNCH_DATE, STOCK, WARRANTY, COMPANY_ID, CAR_IMAGE_URL, TYPE_ID) values (122, 'Camaro', 4, 2992.8, 'Red', 558160704.0, TO_DATE('2013-06-14', 'YYYY-MM-DD'), 11, 5, 17, 'https://s.car.info/image_files/960/chevrolet-camaro-front-side-0-525489.jpg', 'CABRI');
insert into CARS (MODEL_COLOR_ID, MODEL_NAME, SEAT_CAP, ENGINE_CAP, COLOR, PRICE, LAUNCH_DATE, STOCK, WARRANTY, COMPANY_ID, CAR_IMAGE_URL, TYPE_ID) values (123, 'Prowler', 5, 3042.36, 'Silver', 398215684.47,TO_DATE('2021-12-01', 'YYYY-MM-DD') , 9, 2, 65, 'https://s.car.info/image_files/960/plymouth-prowler-front-side-tjoloholm-classic-motor-2023-1-1268725.jpg', 'CABRI');
insert into CARS (MODEL_COLOR_ID, MODEL_NAME, SEAT_CAP, ENGINE_CAP, COLOR, PRICE, LAUNCH_DATE, STOCK, WARRANTY, COMPANY_ID, CAR_IMAGE_URL, TYPE_ID) values (124, 'Subaru SVX', 3, 619.07, 'Yellow', 986607821.57,TO_DATE('2015-02-05', 'YYYY-MM-DD') , 10, 5, 39, 'https://images.drive.com.au/driveau/image/upload/c_fill,f_auto,g_auto,h_1080,q_auto:eco,w_1920/v1/cms/uploads/ymks9omfnlpfyiik1pqv', 'SEDAN');
insert into CARS (MODEL_COLOR_ID, MODEL_NAME, SEAT_CAP, ENGINE_CAP, COLOR, PRICE, LAUNCH_DATE, STOCK, WARRANTY, COMPANY_ID, CAR_IMAGE_URL, TYPE_ID) values (125, 'Suburban', 4, 6986.32, 'Brown', 788993187.22,TO_DATE('2021-11-17', 'YYYY-MM-DD') , 12, 5, 17, 'https://s.car.info/image_files/960/0-844998.jpg', 'LU');
insert into CARS (MODEL_COLOR_ID, MODEL_NAME, SEAT_CAP, ENGINE_CAP, COLOR, PRICE, LAUNCH_DATE, STOCK, WARRANTY, COMPANY_ID, CAR_IMAGE_URL, TYPE_ID) values (126, 'LS', 4, 3753.99, 'Gray', 869679283.79,TO_DATE('2022-08-19', 'YYYY-MM-DD') , 4, 4, 23, 'https://s.car.info/image_files/960/0-932362.jpg', 'LU');
insert into CARS (MODEL_COLOR_ID, MODEL_NAME, SEAT_CAP, ENGINE_CAP, COLOR, PRICE, LAUNCH_DATE, STOCK, WARRANTY, COMPANY_ID, CAR_IMAGE_URL, TYPE_ID) values (127, 'SSR', 2, 6755.61, 'Black', 448543040.18,TO_DATE('2020-01-26', 'YYYY-MM-DD'), 8, 5, 17, 'https://i.kinja-img.com/image/upload/c_fit,q_60,w_1315/3cf10d08746532cba681d3f2ba0435cc.jpg', 'CABRI');
insert into CARS (MODEL_COLOR_ID, MODEL_NAME, SEAT_CAP, ENGINE_CAP, COLOR, PRICE, LAUNCH_DATE, STOCK, WARRANTY, COMPANY_ID, CAR_IMAGE_URL, TYPE_ID) values (128, 'Sedona', 10, 7321.11, 'orange', 699123626.42,TO_DATE('2016-03-13', 'YYYY-MM-DD') , 2, 2, 45, 'https://hips.hearstapps.com/hmg-prod/images/2021-kia-sedona-mmp-1-1592516327.png?', 'VAN');
insert into CARS (MODEL_COLOR_ID, MODEL_NAME, SEAT_CAP, ENGINE_CAP, COLOR, PRICE, LAUNCH_DATE, STOCK, WARRANTY, COMPANY_ID, CAR_IMAGE_URL, TYPE_ID) values (129, 'FJ Cruiser', 6, 2692.18, 'Light Blue', 535642887.71,TO_DATE('2022-04-13', 'YYYY-MM-DD') , 9, 1, 3, 'https://s.car.info/image_files/960/toyota-fj-cruiser-front-side-0-420869.jpg', 'SUV');
insert into CARS (MODEL_COLOR_ID, MODEL_NAME, SEAT_CAP, ENGINE_CAP, COLOR, PRICE, LAUNCH_DATE, STOCK, WARRANTY, COMPANY_ID, CAR_IMAGE_URL, TYPE_ID) values (130, 'Supra', 2, 4493.22, 'White', 471891573.35,TO_DATE('2009-04-21', 'YYYY-MM-DD') , 3, 3, 3, 'https://s.car.info/image_files/960/0-1124505.jpg', 'SPORT');
insert into CARS (MODEL_COLOR_ID, MODEL_NAME, SEAT_CAP, ENGINE_CAP, COLOR, PRICE, LAUNCH_DATE, STOCK, WARRANTY, COMPANY_ID, CAR_IMAGE_URL, TYPE_ID) values (131, 'Mirage', 5, 4933.23, 'Yellow', 156813256.04,TO_DATE('2003-01-18', 'YYYY-MM-DD') , 5, 2, 71, 'https://s.car.info/image_files/960/0-837239.jpg', 'CMPV');
insert into CARS (MODEL_COLOR_ID, MODEL_NAME, SEAT_CAP, ENGINE_CAP, COLOR, PRICE, LAUNCH_DATE, STOCK, WARRANTY, COMPANY_ID, CAR_IMAGE_URL, TYPE_ID) values (132, 'Challenger', 4, 4173.7, 'Red', 154819200.89,TO_DATE('2021-05-20', 'YYYY-MM-DD') , 15, 3, 29, 'https://s.car.info/image_files/960/0-901776.jpg', 'SW');
insert into CARS (MODEL_COLOR_ID, MODEL_NAME, SEAT_CAP, ENGINE_CAP, COLOR, PRICE, LAUNCH_DATE, STOCK, WARRANTY, COMPANY_ID, CAR_IMAGE_URL, TYPE_ID) values (133, 'Explorer', 6, 7679.91, 'Red', 272550371.72,TO_DATE('2022-11-05', 'YYYY-MM-DD') , 7, 3, 16, 'https://s.car.info/image_files/960/0-1404412.jpg', 'SUV');
insert into CARS (MODEL_COLOR_ID, MODEL_NAME, SEAT_CAP, ENGINE_CAP, COLOR, PRICE, LAUNCH_DATE, STOCK, WARRANTY, COMPANY_ID, CAR_IMAGE_URL, TYPE_ID) values (134, 'Stealth', 2, 7660.65, 'Blue', 230228711.27, TO_DATE('2014-10-10', 'YYYY-MM-DD'), 4, 2, 29, 'https://s.car.info/image_files/960/mitsubishi-3000-gt-front-side-valborgscruising-i-stockholm-2018-1-529857.jpg', 'SPORT');
insert into CARS (MODEL_COLOR_ID, MODEL_NAME, SEAT_CAP, ENGINE_CAP, COLOR, PRICE, LAUNCH_DATE, STOCK, WARRANTY, COMPANY_ID, CAR_IMAGE_URL, TYPE_ID) values (135, 'Range Rover', 5, 1925.65, 'Gray', 555110865.34, TO_DATE('2015-03-30', 'YYYY-MM-DD'), 6, 5, 49, 'https://s.car.info/image_files/960/0-1074219.jpg', 'LU');
insert into CARS (MODEL_COLOR_ID, MODEL_NAME, SEAT_CAP, ENGINE_CAP, COLOR, PRICE, LAUNCH_DATE, STOCK, WARRANTY, COMPANY_ID, CAR_IMAGE_URL, TYPE_ID) values (136, 'Arnage', 6, 2655.36, 'Silver', 586599751.49,TO_DATE('1984-12-26', 'YYYY-MM-DD') , 12, 2, 56, 'https://s.car.info/image_files/960/bentley-arnage-front-side-0-210930.jpg', 'LU');
insert into CARS (MODEL_COLOR_ID, MODEL_NAME, SEAT_CAP, ENGINE_CAP, COLOR, PRICE, LAUNCH_DATE, STOCK, WARRANTY, COMPANY_ID, CAR_IMAGE_URL, TYPE_ID) values (137, 'Firebird', 4, 5760.06, 'White', 265439656.88, TO_DATE('2002-02-01', 'YYYY-MM-DD'), 6, 3, 32, 'https://www.edmunds.com/assets/m/for-sale/bc-2g2fv22gx22145053/img-1-600x400.jpg', 'CABRI');





--insert into locations
INSERT INTO locations(LOCATION_ID,COUNTRY,DIVISION,CITY) VALUES(1,'Bangladesh','Dhaka','Dhaka');
INSERT INTO locations(LOCATION_ID,COUNTRY,DIVISION,CITY) VALUES(2,'Bangladesh','Dhaka','Faridpur');
INSERT INTO locations(LOCATION_ID,COUNTRY,DIVISION,CITY) VALUES(3,'Bangladesh','Dhaka','Gazipur');
INSERT INTO locations(LOCATION_ID,COUNTRY,DIVISION,CITY) VALUES(4,'Bangladesh','Dhaka','Gopalganj');
INSERT INTO locations(LOCATION_ID,COUNTRY,DIVISION,CITY) VALUES(5,'Bangladesh','Mymensingh','Jamalpur');
INSERT INTO locations(LOCATION_ID,COUNTRY,DIVISION,CITY) VALUES(6,'Bangladesh','Dhaka','Kishoreganj');
INSERT INTO locations(LOCATION_ID,COUNTRY,DIVISION,CITY) VALUES(7,'Bangladesh','Dhaka','Madaripur');
INSERT INTO locations(LOCATION_ID,COUNTRY,DIVISION,CITY) VALUES(8,'Bangladesh','Dhaka','Manikganj');
INSERT INTO locations(LOCATION_ID,COUNTRY,DIVISION,CITY) VALUES(9,'Bangladesh','Dhaka','Munshiganj');
INSERT INTO locations(LOCATION_ID,COUNTRY,DIVISION,CITY) VALUES(10,'Bangladesh','Mymensingh','Mymensingh');
INSERT INTO locations(LOCATION_ID,COUNTRY,DIVISION,CITY) VALUES(11,'Bangladesh','Dhaka','Narayanganj');
INSERT INTO locations(LOCATION_ID,COUNTRY,DIVISION,CITY) VALUES(12,'Bangladesh','Dhaka','Narshingdi');
INSERT INTO locations(LOCATION_ID,COUNTRY,DIVISION,CITY) VALUES(13,'Bangladesh','Mymensingh','Netrakona');
INSERT INTO locations(LOCATION_ID,COUNTRY,DIVISION,CITY) VALUES(14,'Bangladesh','Dhaka','Rajbari');
INSERT INTO locations(LOCATION_ID,COUNTRY,DIVISION,CITY) VALUES(15,'Bangladesh','Dhaka','Shariatpur');
INSERT INTO locations(LOCATION_ID,COUNTRY,DIVISION,CITY) VALUES(16,'Bangladesh','Mymensingh','Sherpur');
INSERT INTO locations(LOCATION_ID,COUNTRY,DIVISION,CITY) VALUES(17,'Bangladesh','Dhaka','Tangail');	
INSERT INTO locations(LOCATION_ID,COUNTRY,DIVISION,CITY) VALUES(18,'Bangladesh','Barishal','Barguna');
INSERT INTO locations(LOCATION_ID,COUNTRY,DIVISION,CITY) VALUES(19,'Bangladesh','Barishal','Barishal');	
INSERT INTO locations(LOCATION_ID,COUNTRY,DIVISION,CITY) VALUES(20,'Bangladesh','Barishal','Bhola');	
INSERT INTO locations(LOCATION_ID,COUNTRY,DIVISION,CITY) VALUES(21,'Bangladesh','Barishal','Jhalokathi');	
INSERT INTO locations(LOCATION_ID,COUNTRY,DIVISION,CITY) VALUES(22,'Bangladesh','Barishal','Patuakhali');	
INSERT INTO locations(LOCATION_ID,COUNTRY,DIVISION,CITY) VALUES(23,'Bangladesh','Barishal','Pirojpur');	
INSERT INTO locations(LOCATION_ID,COUNTRY,DIVISION,CITY) VALUES(24,'Bangladesh','Rajshahi','Bogura');	
INSERT INTO locations(LOCATION_ID,COUNTRY,DIVISION,CITY) VALUES(25,'Bangladesh','Rajshahi','Chapai Nawabganj');	
INSERT INTO locations(LOCATION_ID,COUNTRY,DIVISION,CITY) VALUES(26,'Bangladesh','Rajshahi','Joypurhat');	
INSERT INTO locations(LOCATION_ID,COUNTRY,DIVISION,CITY) VALUES(27,'Bangladesh','Rajshahi','Naogaon');	
INSERT INTO locations(LOCATION_ID,COUNTRY,DIVISION,CITY) VALUES(28,'Bangladesh','Rajshahi','Natore');	
INSERT INTO locations(LOCATION_ID,COUNTRY,DIVISION,CITY) VALUES(29,'Bangladesh','Rajshahi','Pabna');	
INSERT INTO locations(LOCATION_ID,COUNTRY,DIVISION,CITY) VALUES(30,'Bangladesh','Rajshahi','Rajshahi');	
INSERT INTO locations(LOCATION_ID,COUNTRY,DIVISION,CITY) VALUES(31,'Bangladesh','Rajshahi','Sirajganj');	
INSERT INTO locations(LOCATION_ID,COUNTRY,DIVISION,CITY) VALUES(32,'Bangladesh','Sylhet','Hobiganj');	
INSERT INTO locations(LOCATION_ID,COUNTRY,DIVISION,CITY) VALUES(33,'Bangladesh','Sylhet','Moulvibazar');	
INSERT INTO locations(LOCATION_ID,COUNTRY,DIVISION,CITY) VALUES(34,'Bangladesh','Sylhet','Sunamganj');	
INSERT INTO locations(LOCATION_ID,COUNTRY,DIVISION,CITY) VALUES(35,'Bangladesh','Sylhet','Sylhet');	
INSERT INTO locations(LOCATION_ID,COUNTRY,DIVISION,CITY) VALUES(36,'Bangladesh','Chattogram','Bandarban');	
INSERT INTO locations(LOCATION_ID,COUNTRY,DIVISION,CITY) VALUES(37,'Bangladesh','Chattogram','Brahmanbaria');	
INSERT INTO locations(LOCATION_ID,COUNTRY,DIVISION,CITY) VALUES(38,'Bangladesh','Chattogram','Chandpur');	
INSERT INTO locations(LOCATION_ID,COUNTRY,DIVISION,CITY) VALUES(39,'Bangladesh','Chattogram','Chattogram');	
INSERT INTO locations(LOCATION_ID,COUNTRY,DIVISION,CITY) VALUES(40,'Bangladesh','Chattogram','Comilla');	
INSERT INTO locations(LOCATION_ID,COUNTRY,DIVISION,CITY) VALUES(41,'Bangladesh','Chattogram','Coxs Bazar');	
INSERT INTO locations(LOCATION_ID,COUNTRY,DIVISION,CITY) VALUES(42,'Bangladesh','Chattogram','Feni');	
INSERT INTO locations(LOCATION_ID,COUNTRY,DIVISION,CITY) VALUES(43,'Bangladesh','Chattogram','Khagrachari');	
INSERT INTO locations(LOCATION_ID,COUNTRY,DIVISION,CITY) VALUES(44,'Bangladesh','Chattogram','Lakshmipur');	
INSERT INTO locations(LOCATION_ID,COUNTRY,DIVISION,CITY) VALUES(45,'Bangladesh','Chattogram','Noakhali');	
INSERT INTO locations(LOCATION_ID,COUNTRY,DIVISION,CITY) VALUES(46,'Bangladesh','Chattogram','Rangamati');	
INSERT INTO locations(LOCATION_ID,COUNTRY,DIVISION,CITY) VALUES(47,'Bangladesh','Khulna','Chuadanga');	
INSERT INTO locations(LOCATION_ID,COUNTRY,DIVISION,CITY) VALUES(48,'Bangladesh','Khulna','Bagherhat');	
INSERT INTO locations(LOCATION_ID,COUNTRY,DIVISION,CITY) VALUES(49,'Bangladesh','Khulna','Jessore');	
INSERT INTO locations(LOCATION_ID,COUNTRY,DIVISION,CITY) VALUES(50,'Bangladesh','Khulna','Jinaidaha');	
INSERT INTO locations(LOCATION_ID,COUNTRY,DIVISION,CITY) VALUES(51,'Bangladesh','Khulna','Khulna');	
INSERT INTO locations(LOCATION_ID,COUNTRY,DIVISION,CITY) VALUES(52,'Bangladesh','Khulna','Kustia');	
INSERT INTO locations(LOCATION_ID,COUNTRY,DIVISION,CITY) VALUES(53,'Bangladesh','Khulna','Magura');	
INSERT INTO locations(LOCATION_ID,COUNTRY,DIVISION,CITY) VALUES(54,'Bangladesh','Khulna','Meherpur');	
INSERT INTO locations(LOCATION_ID,COUNTRY,DIVISION,CITY) VALUES(55,'Bangladesh','Khulna','Narail');	
INSERT INTO locations(LOCATION_ID,COUNTRY,DIVISION,CITY) VALUES(56,'Bangladesh','Khulna','Satkhira');
INSERT INTO locations(LOCATION_ID,COUNTRY,DIVISION,CITY) VALUES(57,'Bangladesh','Rangpur','Dinajpur');
INSERT INTO locations(LOCATION_ID,COUNTRY,DIVISION,CITY) VALUES(58,'Bangladesh','Rangpur','Gaibandha');
INSERT INTO locations(LOCATION_ID,COUNTRY,DIVISION,CITY) VALUES(59,'Bangladesh','Rangpur','Kurigram');
INSERT INTO locations(LOCATION_ID,COUNTRY,DIVISION,CITY) VALUES(60,'Bangladesh','Rangpur','Lalmonirhat');
INSERT INTO locations(LOCATION_ID,COUNTRY,DIVISION,CITY) VALUES(61,'Bangladesh','Rangpur','Nilphamari');
INSERT INTO locations(LOCATION_ID,COUNTRY,DIVISION,CITY) VALUES(62,'Bangladesh','Rangpur','Panchagarh');
INSERT INTO locations(LOCATION_ID,COUNTRY,DIVISION,CITY) VALUES(63,'Bangladesh','Rangpur','Rangpur');
INSERT INTO locations(LOCATION_ID,COUNTRY,DIVISION,CITY) VALUES(64,'Bangladesh','Rangpur','Thakurgaon');



INSERT into showroom(SHOWROOM_ID, SHOWROOM_NAME, LOCATION_ID) VALUES(1,'Showroom 1',1);
INSERT INTO showroom(SHOWROOM_ID, SHOWROOM_NAME, LOCATION_ID) VALUES(2, 'Showroom 2', 2);
INSERT INTO showroom(SHOWROOM_ID, SHOWROOM_NAME, LOCATION_ID) VALUES(3, 'Showroom 3', 3);
INSERT INTO showroom(SHOWROOM_ID, SHOWROOM_NAME, LOCATION_ID) VALUES(4, 'Showroom 4', 4);
INSERT INTO showroom(SHOWROOM_ID, SHOWROOM_NAME, LOCATION_ID) VALUES(5, 'Showroom 5', 5);
INSERT INTO showroom(SHOWROOM_ID, SHOWROOM_NAME, LOCATION_ID) VALUES(6, 'Showroom 6', 6);
INSERT INTO showroom(SHOWROOM_ID, SHOWROOM_NAME, LOCATION_ID) VALUES(7, 'Showroom 7', 7);
INSERT INTO showroom(SHOWROOM_ID, SHOWROOM_NAME, LOCATION_ID) VALUES(8, 'Showroom 8', 8);
INSERT INTO showroom(SHOWROOM_ID, SHOWROOM_NAME, LOCATION_ID) VALUES(9, 'Showroom 9', 9);
INSERT INTO showroom(SHOWROOM_ID, SHOWROOM_NAME, LOCATION_ID) VALUES(10, 'Showroom 10', 10);
INSERT INTO showroom(SHOWROOM_ID, SHOWROOM_NAME, LOCATION_ID) VALUES(11, 'Showroom 11', 11);
INSERT INTO showroom(SHOWROOM_ID, SHOWROOM_NAME, LOCATION_ID) VALUES(12, 'Showroom 12', 12);
INSERT INTO showroom(SHOWROOM_ID, SHOWROOM_NAME, LOCATION_ID) VALUES(13, 'Showroom 13', 13);
INSERT INTO showroom(SHOWROOM_ID, SHOWROOM_NAME, LOCATION_ID) VALUES(14, 'Showroom 14', 14);
INSERT INTO showroom(SHOWROOM_ID, SHOWROOM_NAME, LOCATION_ID) VALUES(15, 'Showroom 15', 15);
INSERT INTO showroom(SHOWROOM_ID, SHOWROOM_NAME, LOCATION_ID) VALUES(16, 'Showroom 16', 16);
INSERT INTO showroom(SHOWROOM_ID, SHOWROOM_NAME, LOCATION_ID) VALUES(17, 'Showroom 17', 17);
INSERT INTO showroom(SHOWROOM_ID, SHOWROOM_NAME, LOCATION_ID) VALUES(18, 'Showroom 18', 18);
INSERT INTO showroom(SHOWROOM_ID, SHOWROOM_NAME, LOCATION_ID) VALUES(19, 'Showroom 19', 19);
INSERT INTO showroom(SHOWROOM_ID, SHOWROOM_NAME, LOCATION_ID) VALUES(20, 'Showroom 20', 20);
INSERT INTO showroom(SHOWROOM_ID, SHOWROOM_NAME, LOCATION_ID) VALUES(21, 'Showroom 21', 21);
INSERT INTO showroom(SHOWROOM_ID, SHOWROOM_NAME, LOCATION_ID) VALUES(22, 'Showroom 22', 22);
INSERT INTO showroom(SHOWROOM_ID, SHOWROOM_NAME, LOCATION_ID) VALUES(23, 'Showroom 23', 23);
INSERT INTO showroom(SHOWROOM_ID, SHOWROOM_NAME, LOCATION_ID) VALUES(24, 'Showroom 24', 24);
INSERT INTO showroom(SHOWROOM_ID, SHOWROOM_NAME, LOCATION_ID) VALUES(25, 'Showroom 25', 25);
INSERT INTO showroom(SHOWROOM_ID, SHOWROOM_NAME, LOCATION_ID) VALUES(26, 'Showroom 26', 26);
INSERT INTO showroom(SHOWROOM_ID, SHOWROOM_NAME, LOCATION_ID) VALUES(27, 'Showroom 27', 27);
INSERT INTO showroom(SHOWROOM_ID, SHOWROOM_NAME, LOCATION_ID) VALUES(28, 'Showroom 28', 28);
INSERT INTO showroom(SHOWROOM_ID, SHOWROOM_NAME, LOCATION_ID) VALUES(29, 'Showroom 29', 29);
INSERT INTO showroom(SHOWROOM_ID, SHOWROOM_NAME, LOCATION_ID) VALUES(30, 'Showroom 30', 30);
INSERT INTO showroom(SHOWROOM_ID, SHOWROOM_NAME, LOCATION_ID) VALUES(31, 'Showroom 31', 31);
INSERT INTO showroom(SHOWROOM_ID, SHOWROOM_NAME, LOCATION_ID) VALUES(32, 'Showroom 32', 32);
INSERT INTO showroom(SHOWROOM_ID, SHOWROOM_NAME, LOCATION_ID) VALUES(33, 'Showroom 33', 33);
INSERT INTO showroom(SHOWROOM_ID, SHOWROOM_NAME, LOCATION_ID) VALUES(34, 'Showroom 34', 34);
INSERT INTO showroom(SHOWROOM_ID, SHOWROOM_NAME, LOCATION_ID) VALUES(35, 'Showroom 35', 35);
INSERT INTO showroom(SHOWROOM_ID, SHOWROOM_NAME, LOCATION_ID) VALUES(36, 'Showroom 36', 36);
INSERT INTO showroom(SHOWROOM_ID, SHOWROOM_NAME, LOCATION_ID) VALUES(37, 'Showroom 37', 37);
INSERT INTO showroom(SHOWROOM_ID, SHOWROOM_NAME, LOCATION_ID) VALUES(38, 'Showroom 38', 38);
INSERT INTO showroom(SHOWROOM_ID, SHOWROOM_NAME, LOCATION_ID) VALUES(39, 'Showroom 39', 39);
INSERT INTO showroom(SHOWROOM_ID, SHOWROOM_NAME, LOCATION_ID) VALUES(40, 'Showroom 40', 40);
INSERT INTO showroom(SHOWROOM_ID, SHOWROOM_NAME, LOCATION_ID) VALUES(41, 'Showroom 41', 41);
INSERT INTO showroom(SHOWROOM_ID, SHOWROOM_NAME, LOCATION_ID) VALUES(42, 'Showroom 42', 42);
INSERT INTO showroom(SHOWROOM_ID, SHOWROOM_NAME, LOCATION_ID) VALUES(43, 'Showroom 43', 43);
INSERT INTO showroom(SHOWROOM_ID, SHOWROOM_NAME, LOCATION_ID) VALUES(44, 'Showroom 44', 44);
INSERT INTO showroom(SHOWROOM_ID, SHOWROOM_NAME, LOCATION_ID) VALUES(45, 'Showroom 45', 45);
INSERT INTO showroom(SHOWROOM_ID, SHOWROOM_NAME, LOCATION_ID) VALUES(46, 'Showroom 46', 46);
INSERT INTO showroom(SHOWROOM_ID, SHOWROOM_NAME, LOCATION_ID) VALUES(47, 'Showroom 47', 47);
INSERT INTO showroom(SHOWROOM_ID, SHOWROOM_NAME, LOCATION_ID) VALUES(48, 'Showroom 48', 48);
INSERT INTO showroom(SHOWROOM_ID, SHOWROOM_NAME, LOCATION_ID) VALUES(49, 'Showroom 49', 49);
INSERT INTO showroom(SHOWROOM_ID, SHOWROOM_NAME, LOCATION_ID) VALUES(50, 'Showroom 50', 50);
INSERT INTO showroom(SHOWROOM_ID, SHOWROOM_NAME, LOCATION_ID) VALUES(51, 'Showroom 51', 51);
INSERT INTO showroom(SHOWROOM_ID, SHOWROOM_NAME, LOCATION_ID) VALUES(52, 'Showroom 52', 52);
INSERT INTO showroom(SHOWROOM_ID, SHOWROOM_NAME, LOCATION_ID) VALUES(53, 'Showroom 53', 53);
INSERT INTO showroom(SHOWROOM_ID, SHOWROOM_NAME, LOCATION_ID) VALUES(54, 'Showroom 54', 54);
INSERT INTO showroom(SHOWROOM_ID, SHOWROOM_NAME, LOCATION_ID) VALUES(55, 'Showroom 55', 55);
INSERT INTO showroom(SHOWROOM_ID, SHOWROOM_NAME, LOCATION_ID) VALUES(56, 'Showroom 56', 56);
INSERT INTO showroom(SHOWROOM_ID, SHOWROOM_NAME, LOCATION_ID) VALUES(57, 'Showroom 57', 57);
INSERT INTO showroom(SHOWROOM_ID, SHOWROOM_NAME, LOCATION_ID) VALUES(58, 'Showroom 58', 58);
INSERT INTO showroom(SHOWROOM_ID, SHOWROOM_NAME, LOCATION_ID) VALUES(59, 'Showroom 59', 59);
INSERT INTO showroom(SHOWROOM_ID, SHOWROOM_NAME, LOCATION_ID) VALUES(60, 'Showroom 60', 60);
INSERT INTO showroom(SHOWROOM_ID, SHOWROOM_NAME, LOCATION_ID) VALUES(61, 'Showroom 61', 61);
INSERT INTO showroom(SHOWROOM_ID, SHOWROOM_NAME, LOCATION_ID) VALUES(62, 'Showroom 62', 62);
INSERT INTO showroom(SHOWROOM_ID, SHOWROOM_NAME, LOCATION_ID) VALUES(63, 'Showroom 63', 63);
INSERT INTO showroom(SHOWROOM_ID, SHOWROOM_NAME, LOCATION_ID) VALUES(64, 'Showroom 64', 64);